timestamp,symbol,pattern,confidence,prediction,current_price,predicted_move
2026-03-18T09:31:41.563784+00:00,0175.HK,Consolidation,1.0,17.303377981656354,18.5,-0.0646822712618187
2026-03-18T09:31:41.638839+00:00,2018.HK,Consolidation,1.0,31.786368436949328,33.220001220703125,-0.0431557113507972
2026-03-18T09:31:41.714026+00:00,1299.HK,Consolidation,1.0,81.99762520285833,84.5,-0.0296139029247534
2026-03-18T09:31:41.793164+00:00,2318.HK,Consolidation,0.6402,61.4143555981118,63.0,-0.0251689587601302
2026-03-18T09:31:41.872016+00:00,2688.HK,Consolidation,0.6422,67.03420828284624,67.3499984741211,-0.004688792849731
2026-03-18T09:31:41.951429+00:00,1024.HK,Consolidation,0.6415,58.692022356744815,59.0,-0.0052199600551726
2026-03-18T09:31:42.029440+00:00,0939.HK,Consolidation,0.6424,7.723618012309217,8.119999885559082,-0.0488155023197482
2026-03-18T09:31:42.102636+00:00,1810.HK,Consolidation,0.6329,33.228407247410416,34.720001220703125,-0.0429606544023762
2026-03-18T09:31:42.182966+00:00,0941.HK,Consolidation,0.6562,78.32783139891495,79.75,-0.0178328351233234
2026-03-18T09:31:42.264266+00:00,2269.HK,Consolidation,1.0,33.881607769454774,35.13999938964844,-0.0358108037009346
2026-03-18T09:31:42.346993+00:00,0688.HK,Consolidation,0.6391,12.823594734333632,13.170000076293944,-0.0263026074376297
2026-03-18T09:31:42.434478+00:00,0388.HK,Consolidation,1.0,400.0813119709492,403.7999877929688,-0.0092092024131664
2026-03-18T09:32:49.592433+00:00,1299.HK,Consolidation,1.0,81.99762520285833,84.5,-0.0296139029247534
2026-03-18T09:32:49.667579+00:00,1810.HK,Consolidation,0.6329,33.228407247410416,34.720001220703125,-0.0429606544023762
2026-03-18T09:32:49.741855+00:00,2269.HK,Consolidation,1.0,33.881607769454774,35.13999938964844,-0.0358108037009346
2026-03-18T09:32:49.822967+00:00,1024.HK,Consolidation,0.6415,58.692022356744815,59.0,-0.0052199600551726
2026-03-18T09:32:49.902401+00:00,2318.HK,Consolidation,0.6402,61.4143555981118,63.0,-0.0251689587601302
2026-03-18T09:32:49.982892+00:00,1109.HK,Consolidation,1.0,29.9574382583031,30.559999465942383,-0.0197173173484773
2026-03-18T09:32:50.056899+00:00,2018.HK,Consolidation,1.0,31.786368436949328,33.220001220703125,-0.0431557113507972
2026-03-18T09:32:50.139650+00:00,0005.HK,Consolidation,0.6459,121.3375523776665,125.8000030517578,-0.0354725800146072
2026-03-18T09:32:50.214187+00:00,2688.HK,Consolidation,0.6422,67.03420828284624,67.3499984741211,-0.004688792849731
2026-03-18T09:32:50.288483+00:00,9988.HK,Consolidation,1.0,130.19361991119308,133.89999389648438,-0.0276801654536043
2026-03-18T09:32:50.367394+00:00,0941.HK,Consolidation,0.6562,78.32783139891495,79.75,-0.0178328351233234
2026-03-18T09:32:50.441271+00:00,3690.HK,Consolidation,0.6339,75.86237270385027,80.19999694824219,-0.0540850923871137
2026-03-18T09:32:50.524591+00:00,0939.HK,Consolidation,0.6424,7.723618012309217,8.119999885559082,-0.0488155023197482
2026-03-18T09:32:50.607289+00:00,0688.HK,Consolidation,0.6391,12.823594734333632,13.170000076293944,-0.0263026074376297
2026-03-18T09:32:50.688885+00:00,0960.HK,Consolidation,0.6341,9.02132061450918,9.239999771118164,-0.0236665759768219
2026-03-18T09:32:50.771651+00:00,0700.HK,Consolidation,1.0,543.9230328798294,546.0,-0.0038039690845615
2026-03-18T09:32:50.853217+00:00,0175.HK,Consolidation,1.0,17.303377981656354,18.5,-0.0646822712618187
2026-03-18T09:32:50.935084+00:00,0388.HK,Consolidation,1.0,400.0813119709492,403.7999877929688,-0.0092092024131664
2026-03-18T09:32:51.014998+00:00,1211.HK,Consolidation,0.6454,96.5439889281988,102.5999984741211,-0.0590254350486154
2026-03-18T09:33:53.174611+00:00,0941.HK,Consolidation,0.6562,78.32783139891495,79.75,-0.0178328351233234
2026-03-18T09:33:53.265045+00:00,1810.HK,Consolidation,0.6329,33.228407247410416,34.720001220703125,-0.0429606544023762
2026-03-18T09:33:53.353191+00:00,2269.HK,Consolidation,1.0,33.881607769454774,35.13999938964844,-0.0358108037009346
2026-03-18T09:33:53.444620+00:00,3690.HK,Consolidation,0.6339,75.86237270385027,80.19999694824219,-0.0540850923871137
2026-03-18T09:33:53.538144+00:00,1109.HK,Consolidation,1.0,29.9574382583031,30.559999465942383,-0.0197173173484773
2026-03-18T09:33:53.626776+00:00,2688.HK,Consolidation,0.6422,67.03420828284624,67.3499984741211,-0.004688792849731
2026-03-18T09:33:53.718791+00:00,9988.HK,Consolidation,1.0,130.19361991119308,133.89999389648438,-0.0276801654536043
2026-03-18T09:33:53.807926+00:00,0939.HK,Consolidation,0.6424,7.723618012309217,8.119999885559082,-0.0488155023197482
2026-03-18T09:33:53.899058+00:00,0175.HK,Consolidation,1.0,17.303377981656354,18.5,-0.0646822712618187
2026-03-18T09:33:53.986066+00:00,0960.HK,Consolidation,0.6341,9.02132061450918,9.239999771118164,-0.0236665759768219
2026-03-18T09:33:54.075917+00:00,0688.HK,Consolidation,0.6391,12.823594734333632,13.170000076293944,-0.0263026074376297
2026-03-18T09:33:54.172052+00:00,1024.HK,Consolidation,0.6415,58.692022356744815,59.0,-0.0052199600551726
2026-03-18T09:33:54.269781+00:00,0005.HK,Consolidation,0.6459,121.3375523776665,125.8000030517578,-0.0354725800146072
2026-03-18T09:33:54.359860+00:00,2318.HK,Consolidation,0.6402,61.4143555981118,63.0,-0.0251689587601302
2026-03-18T09:33:54.445511+00:00,0700.HK,Consolidation,1.0,543.9230328798294,546.0,-0.0038039690845615
2026-03-18T09:33:54.528329+00:00,0388.HK,Consolidation,1.0,400.0813119709492,403.7999877929688,-0.0092092024131664
2026-03-18T09:33:54.608568+00:00,1211.HK,Consolidation,0.6454,96.5439889281988,102.5999984741211,-0.0590254350486154
2026-03-18T09:33:54.686521+00:00,2018.HK,Consolidation,1.0,31.786368436949328,33.220001220703125,-0.0431557113507972
2026-03-18T09:33:54.771715+00:00,1299.HK,Consolidation,1.0,81.99762520285833,84.5,-0.0296139029247534
2026-03-18T09:34:56.136013+00:00,0005.HK,Consolidation,0.6459,121.3375523776665,125.8000030517578,-0.0354725800146072
2026-03-18T09:34:56.226312+00:00,1109.HK,Consolidation,1.0,29.9574382583031,30.559999465942383,-0.0197173173484773
2026-03-18T09:34:56.308661+00:00,1299.HK,Consolidation,1.0,81.99762520285833,84.5,-0.0296139029247534
2026-03-18T09:34:56.397912+00:00,0175.HK,Consolidation,1.0,17.303377981656354,18.5,-0.0646822712618187
2026-03-18T09:34:56.487228+00:00,2018.HK,Consolidation,1.0,31.786368436949328,33.220001220703125,-0.0431557113507972
2026-03-18T09:34:56.584557+00:00,0388.HK,Consolidation,1.0,400.0813119709492,403.7999877929688,-0.0092092024131664
2026-03-18T09:34:56.681129+00:00,2318.HK,Consolidation,0.6402,61.4143555981118,63.0,-0.0251689587601302
2026-03-18T09:34:56.771218+00:00,9988.HK,Consolidation,1.0,130.19361991119308,133.89999389648438,-0.0276801654536043
2026-03-18T09:34:56.859360+00:00,2688.HK,Consolidation,0.6422,67.03420828284624,67.3499984741211,-0.004688792849731
2026-03-18T09:34:56.948056+00:00,0688.HK,Consolidation,0.6391,12.823594734333632,13.170000076293944,-0.0263026074376297
2026-03-18T09:34:57.033333+00:00,1024.HK,Consolidation,0.6415,58.692022356744815,59.0,-0.0052199600551726
2026-03-18T09:34:57.113128+00:00,1810.HK,Consolidation,0.6329,33.228407247410416,34.720001220703125,-0.0429606544023762
2026-03-18T09:34:57.195097+00:00,0960.HK,Consolidation,0.6341,9.02132061450918,9.239999771118164,-0.0236665759768219
2026-03-18T09:34:57.283228+00:00,3690.HK,Consolidation,0.6339,75.86237270385027,80.19999694824219,-0.0540850923871137
2026-03-18T09:34:57.373420+00:00,0941.HK,Consolidation,0.6562,78.32783139891495,79.75,-0.0178328351233234
2026-03-18T09:34:57.457697+00:00,2269.HK,Consolidation,1.0,33.881607769454774,35.13999938964844,-0.0358108037009346
2026-03-18T09:34:57.542185+00:00,0700.HK,Consolidation,1.0,543.9230328798294,546.0,-0.0038039690845615
2026-03-18T09:34:57.628121+00:00,0939.HK,Consolidation,0.6424,7.723618012309217,8.119999885559082,-0.0488155023197482
2026-03-18T09:34:57.711148+00:00,1211.HK,Consolidation,0.6454,96.5439889281988,102.5999984741211,-0.0590254350486154
2026-03-18T09:35:59.053144+00:00,0960.HK,Consolidation,0.6341,9.02132061450918,9.239999771118164,-0.0236665759768219
2026-03-18T09:35:59.140480+00:00,9988.HK,Consolidation,1.0,130.19361991119308,133.89999389648438,-0.0276801654536043
2026-03-18T09:35:59.223490+00:00,2269.HK,Consolidation,1.0,33.881607769454774,35.13999938964844,-0.0358108037009346
2026-03-18T09:35:59.310392+00:00,3690.HK,Consolidation,0.6339,75.86237270385027,80.19999694824219,-0.0540850923871137
2026-03-18T09:35:59.396332+00:00,1211.HK,Consolidation,0.6454,96.5439889281988,102.5999984741211,-0.0590254350486154
2026-03-18T09:35:59.482478+00:00,0688.HK,Consolidation,0.6391,12.823594734333632,13.170000076293944,-0.0263026074376297
2026-03-18T09:35:59.561157+00:00,1109.HK,Consolidation,1.0,29.9574382583031,30.559999465942383,-0.0197173173484773
2026-03-18T09:35:59.640248+00:00,1810.HK,Consolidation,0.6329,33.228407247410416,34.720001220703125,-0.0429606544023762
2026-03-18T09:35:59.726005+00:00,2018.HK,Consolidation,1.0,31.786368436949328,33.220001220703125,-0.0431557113507972
2026-03-18T09:35:59.806960+00:00,0175.HK,Consolidation,1.0,17.303377981656354,18.5,-0.0646822712618187
2026-03-18T09:35:59.884983+00:00,1024.HK,Consolidation,0.6415,58.692022356744815,59.0,-0.0052199600551726
2026-03-18T09:35:59.970329+00:00,0700.HK,Consolidation,1.0,543.9230328798294,546.0,-0.0038039690845615
2026-03-18T09:36:00.056164+00:00,0388.HK,Consolidation,1.0,400.0813119709492,403.7999877929688,-0.0092092024131664
2026-03-18T09:36:00.143111+00:00,0005.HK,Consolidation,0.6459,121.3375523776665,125.8000030517578,-0.0354725800146072
2026-03-18T09:36:00.230328+00:00,1299.HK,Consolidation,1.0,81.99762520285833,84.5,-0.0296139029247534
2026-03-18T09:36:00.317945+00:00,0939.HK,Consolidation,0.6424,7.723618012309217,8.119999885559082,-0.0488155023197482
2026-03-18T09:36:00.403554+00:00,2318.HK,Consolidation,0.6402,61.4143555981118,63.0,-0.0251689587601302
2026-03-18T09:36:00.489615+00:00,2688.HK,Consolidation,0.6422,67.03420828284624,67.3499984741211,-0.004688792849731
2026-03-18T09:36:00.578248+00:00,0941.HK,Consolidation,0.6562,78.32783139891495,79.75,-0.0178328351233234
2026-03-18T09:37:01.929276+00:00,1109.HK,Consolidation,1.0,29.9574382583031,30.559999465942383,-0.0197173173484773
2026-03-18T09:37:02.014965+00:00,0939.HK,Consolidation,0.6424,7.723618012309217,8.119999885559082,-0.0488155023197482
2026-03-18T09:37:02.105310+00:00,0941.HK,Consolidation,0.6562,78.32783139891495,79.75,-0.0178328351233234
2026-03-18T09:37:02.192766+00:00,0688.HK,Consolidation,0.6391,12.823594734333632,13.170000076293944,-0.0263026074376297
2026-03-18T09:37:02.282408+00:00,0700.HK,Consolidation,1.0,543.9230328798294,546.0,-0.0038039690845615
2026-03-18T09:37:02.374821+00:00,1211.HK,Consolidation,0.6454,96.5439889281988,102.5999984741211,-0.0590254350486154
2026-03-18T09:37:02.468666+00:00,3690.HK,Consolidation,0.6339,75.86237270385027,80.19999694824219,-0.0540850923871137
2026-03-18T09:37:02.552671+00:00,1024.HK,Consolidation,0.6415,58.692022356744815,59.0,-0.0052199600551726
2026-03-18T09:37:02.648482+00:00,2688.HK,Consolidation,0.6422,67.03420828284624,67.3499984741211,-0.004688792849731
2026-03-18T09:37:02.732964+00:00,2318.HK,Consolidation,0.6402,61.4143555981118,63.0,-0.0251689587601302
2026-03-18T09:37:02.819025+00:00,0388.HK,Consolidation,1.0,400.0813119709492,403.7999877929688,-0.0092092024131664
2026-03-18T09:37:02.898241+00:00,2269.HK,Consolidation,1.0,33.881607769454774,35.13999938964844,-0.0358108037009346
2026-03-18T09:37:02.977097+00:00,1299.HK,Consolidation,1.0,81.99762520285833,84.5,-0.0296139029247534
2026-03-18T09:37:03.056892+00:00,2018.HK,Consolidation,1.0,31.786368436949328,33.220001220703125,-0.0431557113507972
2026-03-18T09:37:03.139624+00:00,1810.HK,Consolidation,0.6329,33.228407247410416,34.720001220703125,-0.0429606544023762
2026-03-18T09:37:03.221227+00:00,0005.HK,Consolidation,0.6459,121.3375523776665,125.8000030517578,-0.0354725800146072
2026-03-18T09:37:03.306764+00:00,0960.HK,Consolidation,0.6341,9.02132061450918,9.239999771118164,-0.0236665759768219
2026-03-18T09:37:03.393912+00:00,0175.HK,Consolidation,1.0,17.303377981656354,18.5,-0.0646822712618187
2026-03-18T09:37:03.476995+00:00,9988.HK,Consolidation,1.0,130.19361991119308,133.89999389648438,-0.0276801654536043
2026-03-18T09:38:04.815945+00:00,2269.HK,Consolidation,1.0,33.881607769454774,35.13999938964844,-0.0358108037009346
2026-03-18T09:38:04.901472+00:00,0939.HK,Consolidation,0.6424,7.723618012309217,8.119999885559082,-0.0488155023197482
2026-03-18T09:38:04.987504+00:00,0700.HK,Consolidation,1.0,543.9230328798294,546.0,-0.0038039690845615
2026-03-18T09:38:05.074544+00:00,1211.HK,Consolidation,0.6454,96.5439889281988,102.5999984741211,-0.0590254350486154
2026-03-18T09:38:05.167683+00:00,1299.HK,Consolidation,1.0,81.99762520285833,84.5,-0.0296139029247534
2026-03-18T09:38:05.254023+00:00,0688.HK,Consolidation,0.6391,12.823594734333632,13.170000076293944,-0.0263026074376297
2026-03-18T09:38:05.338801+00:00,2318.HK,Consolidation,0.6402,61.4143555981118,63.0,-0.0251689587601302
2026-03-18T09:38:05.418470+00:00,2018.HK,Consolidation,1.0,31.786368436949328,33.220001220703125,-0.0431557113507972
2026-03-18T09:38:05.500962+00:00,3690.HK,Consolidation,0.6339,75.86237270385027,80.19999694824219,-0.0540850923871137
2026-03-18T09:38:05.580376+00:00,0960.HK,Consolidation,0.6341,9.02132061450918,9.239999771118164,-0.0236665759768219
2026-03-18T09:38:05.664330+00:00,0388.HK,Consolidation,1.0,400.0813119709492,403.7999877929688,-0.0092092024131664
2026-03-18T09:38:05.750975+00:00,9988.HK,Consolidation,1.0,130.19361991119308,133.89999389648438,-0.0276801654536043
2026-03-18T09:38:05.835138+00:00,1810.HK,Consolidation,0.6329,33.228407247410416,34.720001220703125,-0.0429606544023762
2026-03-18T09:38:05.923392+00:00,0005.HK,Consolidation,0.6459,121.3375523776665,125.8000030517578,-0.0354725800146072
2026-03-18T09:38:06.007650+00:00,1024.HK,Consolidation,0.6415,58.692022356744815,59.0,-0.0052199600551726
2026-03-18T09:38:06.093614+00:00,0941.HK,Consolidation,0.6562,78.32783139891495,79.75,-0.0178328351233234
2026-03-18T09:38:06.181292+00:00,1109.HK,Consolidation,1.0,29.9574382583031,30.559999465942383,-0.0197173173484773
2026-03-18T09:38:06.265852+00:00,0175.HK,Consolidation,1.0,17.303377981656354,18.5,-0.0646822712618187
2026-03-18T09:38:06.346989+00:00,2688.HK,Consolidation,0.6422,67.03420828284624,67.3499984741211,-0.004688792849731
2026-03-18T09:39:07.682177+00:00,2269.HK,Consolidation,1.0,33.881607769454774,35.13999938964844,-0.0358108037009346
2026-03-18T09:39:07.765057+00:00,0941.HK,Consolidation,0.6562,78.32783139891495,79.75,-0.0178328351233234
2026-03-18T09:39:07.848952+00:00,1810.HK,Consolidation,0.6329,33.228407247410416,34.720001220703125,-0.0429606544023762
2026-03-18T09:39:07.927900+00:00,9988.HK,Consolidation,1.0,130.19361991119308,133.89999389648438,-0.0276801654536043
2026-03-18T09:39:08.007309+00:00,0960.HK,Consolidation,0.6341,9.02132061450918,9.239999771118164,-0.0236665759768219
2026-03-18T09:39:08.088213+00:00,0388.HK,Consolidation,1.0,400.0813119709492,403.7999877929688,-0.0092092024131664
2026-03-18T09:39:08.171355+00:00,3690.HK,Consolidation,0.6339,75.86237270385027,80.19999694824219,-0.0540850923871137
2026-03-18T09:39:08.250127+00:00,0005.HK,Consolidation,0.6459,121.3375523776665,125.8000030517578,-0.0354725800146072
2026-03-18T09:39:08.336687+00:00,0700.HK,Consolidation,1.0,543.9230328798294,546.0,-0.0038039690845615
2026-03-18T09:39:08.424304+00:00,1299.HK,Consolidation,1.0,81.99762520285833,84.5,-0.0296139029247534
2026-03-18T09:39:08.515348+00:00,1024.HK,Consolidation,0.6415,58.692022356744815,59.0,-0.0052199600551726
2026-03-18T09:39:08.608002+00:00,1211.HK,Consolidation,0.6454,96.5439889281988,102.5999984741211,-0.0590254350486154
2026-03-18T09:39:08.697514+00:00,2688.HK,Consolidation,0.6422,67.03420828284624,67.3499984741211,-0.004688792849731
2026-03-18T09:39:08.785791+00:00,0939.HK,Consolidation,0.6424,7.723618012309217,8.119999885559082,-0.0488155023197482
2026-03-18T09:39:08.868520+00:00,0175.HK,Consolidation,1.0,17.303377981656354,18.5,-0.0646822712618187
2026-03-18T09:39:08.953309+00:00,2018.HK,Consolidation,1.0,31.786368436949328,33.220001220703125,-0.0431557113507972
2026-03-18T09:39:09.039303+00:00,2318.HK,Consolidation,0.6402,61.4143555981118,63.0,-0.0251689587601302
2026-03-18T09:39:09.119943+00:00,0688.HK,Consolidation,0.6391,12.823594734333632,13.170000076293944,-0.0263026074376297
2026-03-18T09:39:09.216857+00:00,1109.HK,Consolidation,1.0,29.9574382583031,30.559999465942383,-0.0197173173484773
2026-03-18T09:40:10.614572+00:00,0700.HK,Consolidation,1.0,543.9230328798294,546.0,-0.0038039690845615
2026-03-18T09:40:10.703299+00:00,9988.HK,Consolidation,1.0,130.19361991119308,133.89999389648438,-0.0276801654536043
2026-03-18T09:40:10.798754+00:00,1109.HK,Consolidation,1.0,29.9574382583031,30.559999465942383,-0.0197173173484773
2026-03-18T09:40:10.891084+00:00,3690.HK,Consolidation,0.6339,75.86237270385027,80.19999694824219,-0.0540850923871137
2026-03-18T09:40:10.975303+00:00,0688.HK,Consolidation,0.6391,12.823594734333632,13.170000076293944,-0.0263026074376297
2026-03-18T09:40:11.065316+00:00,0175.HK,Consolidation,1.0,17.303377981656354,18.5,-0.0646822712618187
2026-03-18T09:40:11.154366+00:00,2318.HK,Consolidation,0.6402,61.4143555981118,63.0,-0.0251689587601302
2026-03-18T09:40:11.236635+00:00,0005.HK,Consolidation,0.6459,121.3375523776665,125.8000030517578,-0.0354725800146072
2026-03-18T09:40:11.318626+00:00,1211.HK,Consolidation,0.6454,96.5439889281988,102.5999984741211,-0.0590254350486154
2026-03-18T09:40:11.400248+00:00,1299.HK,Consolidation,1.0,81.99762520285833,84.5,-0.0296139029247534
2026-03-18T09:40:11.481713+00:00,2269.HK,Consolidation,1.0,33.881607769454774,35.13999938964844,-0.0358108037009346
2026-03-18T09:40:11.561003+00:00,2018.HK,Consolidation,1.0,31.786368436949328,33.220001220703125,-0.0431557113507972
2026-03-18T09:40:11.644289+00:00,1024.HK,Consolidation,0.6415,58.692022356744815,59.0,-0.0052199600551726
2026-03-18T09:40:11.728809+00:00,0939.HK,Consolidation,0.6424,7.723618012309217,8.119999885559082,-0.0488155023197482
2026-03-18T09:40:11.814831+00:00,0941.HK,Consolidation,0.6562,78.32783139891495,79.75,-0.0178328351233234
2026-03-18T09:40:11.900999+00:00,0388.HK,Consolidation,1.0,400.0813119709492,403.7999877929688,-0.0092092024131664
2026-03-18T09:40:11.983110+00:00,0960.HK,Consolidation,0.6341,9.02132061450918,9.239999771118164,-0.0236665759768219
2026-03-18T09:40:12.065024+00:00,1810.HK,Consolidation,0.6329,33.228407247410416,34.720001220703125,-0.0429606544023762
2026-03-18T09:40:12.151114+00:00,2688.HK,Consolidation,0.6422,67.03420828284624,67.3499984741211,-0.004688792849731
2026-03-18T09:41:13.486923+00:00,1024.HK,Consolidation,0.6415,58.692022356744815,59.0,-0.0052199600551726
2026-03-18T09:41:13.581238+00:00,9988.HK,Consolidation,1.0,130.19361991119308,133.89999389648438,-0.0276801654536043
2026-03-18T09:41:13.667778+00:00,2318.HK,Consolidation,0.6402,61.4143555981118,63.0,-0.0251689587601302
2026-03-18T09:41:13.757249+00:00,0175.HK,Consolidation,1.0,17.303377981656354,18.5,-0.0646822712618187
2026-03-18T09:41:13.835452+00:00,1211.HK,Consolidation,0.6454,96.5439889281988,102.5999984741211,-0.0590254350486154
2026-03-18T09:41:13.922055+00:00,3690.HK,Consolidation,0.6339,75.86237270385027,80.19999694824219,-0.0540850923871137
2026-03-18T09:41:14.006388+00:00,0005.HK,Consolidation,0.6459,121.3375523776665,125.8000030517578,-0.0354725800146072
2026-03-18T09:41:14.097130+00:00,1810.HK,Consolidation,0.6329,33.228407247410416,34.720001220703125,-0.0429606544023762
2026-03-18T09:41:14.187295+00:00,0939.HK,Consolidation,0.6424,7.723618012309217,8.119999885559082,-0.0488155023197482
2026-03-18T09:41:14.280743+00:00,0941.HK,Consolidation,0.6562,78.32783139891495,79.75,-0.0178328351233234
2026-03-18T09:41:14.372350+00:00,1299.HK,Consolidation,1.0,81.99762520285833,84.5,-0.0296139029247534
2026-03-18T09:41:14.462635+00:00,0388.HK,Consolidation,1.0,400.0813119709492,403.7999877929688,-0.0092092024131664
2026-03-18T09:41:14.551046+00:00,2269.HK,Consolidation,1.0,33.881607769454774,35.13999938964844,-0.0358108037009346
2026-03-18T09:41:14.636402+00:00,0960.HK,Consolidation,0.6341,9.02132061450918,9.239999771118164,-0.0236665759768219
2026-03-18T09:41:14.725555+00:00,0700.HK,Consolidation,1.0,543.9230328798294,546.0,-0.0038039690845615
2026-03-18T09:41:14.814383+00:00,2018.HK,Consolidation,1.0,31.786368436949328,33.220001220703125,-0.0431557113507972
2026-03-18T09:41:14.900091+00:00,1109.HK,Consolidation,1.0,29.9574382583031,30.559999465942383,-0.0197173173484773
2026-03-18T09:41:14.980611+00:00,2688.HK,Consolidation,0.6422,67.03420828284624,67.3499984741211,-0.004688792849731
2026-03-18T09:41:15.063078+00:00,0688.HK,Consolidation,0.6391,12.823594734333632,13.170000076293944,-0.0263026074376297
2026-03-18T09:42:16.427512+00:00,2018.HK,Consolidation,1.0,31.786368436949328,33.220001220703125,-0.0431557113507972
2026-03-18T09:42:16.510398+00:00,3690.HK,Consolidation,0.6339,75.86237270385027,80.19999694824219,-0.0540850923871137
2026-03-18T09:42:16.595083+00:00,0175.HK,Consolidation,1.0,17.303377981656354,18.5,-0.0646822712618187
2026-03-18T09:42:16.683107+00:00,0939.HK,Consolidation,0.6424,7.723618012309217,8.119999885559082,-0.0488155023197482
2026-03-18T09:42:16.774671+00:00,0700.HK,Consolidation,1.0,543.9230328798294,546.0,-0.0038039690845615
2026-03-18T09:42:16.861605+00:00,0388.HK,Consolidation,1.0,400.0813119709492,403.7999877929688,-0.0092092024131664
2026-03-18T09:42:16.953987+00:00,1299.HK,Consolidation,1.0,81.99762520285833,84.5,-0.0296139029247534
2026-03-18T09:42:17.043828+00:00,1810.HK,Consolidation,0.6329,33.228407247410416,34.720001220703125,-0.0429606544023762
2026-03-18T09:42:17.127502+00:00,0688.HK,Consolidation,0.6391,12.823594734333632,13.170000076293944,-0.0263026074376297
2026-03-18T09:42:17.209094+00:00,0005.HK,Consolidation,0.6459,121.3375523776665,125.8000030517578,-0.0354725800146072
2026-03-18T09:42:17.290259+00:00,0960.HK,Consolidation,0.6341,9.02132061450918,9.239999771118164,-0.0236665759768219
2026-03-18T09:42:17.375797+00:00,0941.HK,Consolidation,0.6562,78.32783139891495,79.75,-0.0178328351233234
2026-03-18T09:42:17.461301+00:00,1024.HK,Consolidation,0.6415,58.692022356744815,59.0,-0.0052199600551726
2026-03-18T09:42:17.552833+00:00,9988.HK,Consolidation,1.0,130.19361991119308,133.89999389648438,-0.0276801654536043
2026-03-18T09:42:17.646724+00:00,1109.HK,Consolidation,1.0,29.9574382583031,30.559999465942383,-0.0197173173484773
2026-03-18T09:42:17.740793+00:00,1211.HK,Consolidation,0.6454,96.5439889281988,102.5999984741211,-0.0590254350486154
2026-03-18T09:42:17.830305+00:00,2688.HK,Consolidation,0.6422,67.03420828284624,67.3499984741211,-0.004688792849731
2026-03-18T09:42:17.913572+00:00,2269.HK,Consolidation,1.0,33.881607769454774,35.13999938964844,-0.0358108037009346
2026-03-18T09:42:17.993749+00:00,2318.HK,Consolidation,0.6402,61.4143555981118,63.0,-0.0251689587601302
2026-03-18T09:43:19.339715+00:00,2018.HK,Consolidation,1.0,31.786368436949328,33.220001220703125,-0.0431557113507972
2026-03-18T09:43:19.432324+00:00,0700.HK,Consolidation,1.0,543.9230328798294,546.0,-0.0038039690845615
2026-03-18T09:43:19.522191+00:00,3690.HK,Consolidation,0.6339,75.86237270385027,80.19999694824219,-0.0540850923871137
2026-03-18T09:43:19.613283+00:00,1211.HK,Consolidation,0.6454,96.5439889281988,102.5999984741211,-0.0590254350486154
2026-03-18T09:43:19.698405+00:00,1810.HK,Consolidation,0.6329,33.228407247410416,34.720001220703125,-0.0429606544023762
2026-03-18T09:43:19.781184+00:00,0939.HK,Consolidation,0.6424,7.723618012309217,8.119999885559082,-0.0488155023197482
2026-03-18T09:43:19.861441+00:00,9988.HK,Consolidation,1.0,130.19361991119308,133.89999389648438,-0.0276801654536043
2026-03-18T09:43:19.940722+00:00,2318.HK,Consolidation,0.6402,61.4143555981118,63.0,-0.0251689587601302
2026-03-18T09:43:20.019980+00:00,2269.HK,Consolidation,1.0,33.881607769454774,35.13999938964844,-0.0358108037009346
2026-03-18T09:43:20.109233+00:00,0688.HK,Consolidation,0.6391,12.823594734333632,13.170000076293944,-0.0263026074376297
2026-03-18T09:43:20.198051+00:00,0388.HK,Consolidation,1.0,400.0813119709492,403.7999877929688,-0.0092092024131664
2026-03-18T09:43:20.284134+00:00,1109.HK,Consolidation,1.0,29.9574382583031,30.559999465942383,-0.0197173173484773
2026-03-18T09:43:20.371538+00:00,1299.HK,Consolidation,1.0,81.99762520285833,84.5,-0.0296139029247534
2026-03-18T09:43:20.452222+00:00,0941.HK,Consolidation,0.6562,78.32783139891495,79.75,-0.0178328351233234
2026-03-18T09:43:20.535955+00:00,0175.HK,Consolidation,1.0,17.303377981656354,18.5,-0.0646822712618187
2026-03-18T09:43:20.621892+00:00,0005.HK,Consolidation,0.6459,121.3375523776665,125.8000030517578,-0.0354725800146072
2026-03-18T09:43:20.696758+00:00,0960.HK,Consolidation,0.6341,9.02132061450918,9.239999771118164,-0.0236665759768219
2026-03-18T09:43:20.778705+00:00,2688.HK,Consolidation,0.6422,67.03420828284624,67.3499984741211,-0.004688792849731
2026-03-18T09:43:20.868362+00:00,1024.HK,Consolidation,0.6415,58.692022356744815,59.0,-0.0052199600551726
2026-03-18T09:44:22.249065+00:00,3690.HK,Consolidation,0.6339,75.86237270385027,80.19999694824219,-0.0540850923871137
2026-03-18T09:44:22.335751+00:00,2269.HK,Consolidation,1.0,33.881607769454774,35.13999938964844,-0.0358108037009346
2026-03-18T09:44:22.428533+00:00,1211.HK,Consolidation,0.6454,96.5439889281988,102.5999984741211,-0.0590254350486154
2026-03-18T09:44:22.516685+00:00,2018.HK,Consolidation,1.0,31.786368436949328,33.220001220703125,-0.0431557113507972
2026-03-18T09:44:22.604104+00:00,0939.HK,Consolidation,0.6424,7.723618012309217,8.119999885559082,-0.0488155023197482
2026-03-18T09:44:22.693321+00:00,0960.HK,Consolidation,0.6341,9.02132061450918,9.239999771118164,-0.0236665759768219
2026-03-18T09:44:22.783532+00:00,1024.HK,Consolidation,0.6415,58.692022356744815,59.0,-0.0052199600551726
2026-03-18T09:44:22.871045+00:00,0700.HK,Consolidation,1.0,543.9230328798294,546.0,-0.0038039690845615
2026-03-18T09:44:22.958707+00:00,2688.HK,Consolidation,0.6422,67.03420828284624,67.3499984741211,-0.004688792849731
2026-03-18T09:44:23.050283+00:00,9988.HK,Consolidation,1.0,130.19361991119308,133.89999389648438,-0.0276801654536043
2026-03-18T09:44:23.139138+00:00,1810.HK,Consolidation,0.6329,33.228407247410416,34.720001220703125,-0.0429606544023762
2026-03-18T09:44:23.223444+00:00,2318.HK,Consolidation,0.6402,61.4143555981118,63.0,-0.0251689587601302
2026-03-18T09:44:23.310785+00:00,0388.HK,Consolidation,1.0,400.0813119709492,403.7999877929688,-0.0092092024131664
2026-03-18T09:44:23.398373+00:00,1109.HK,Consolidation,1.0,29.9574382583031,30.559999465942383,-0.0197173173484773
2026-03-18T09:44:23.481796+00:00,0688.HK,Consolidation,0.6391,12.823594734333632,13.170000076293944,-0.0263026074376297
2026-03-18T09:44:23.571692+00:00,0941.HK,Consolidation,0.6562,78.32783139891495,79.75,-0.0178328351233234
2026-03-18T09:44:23.659214+00:00,1299.HK,Consolidation,1.0,81.99762520285833,84.5,-0.0296139029247534
2026-03-18T09:44:23.742332+00:00,0175.HK,Consolidation,1.0,17.303377981656354,18.5,-0.0646822712618187
2026-03-18T09:44:23.827319+00:00,0005.HK,Consolidation,0.6459,121.3375523776665,125.8000030517578,-0.0354725800146072
2026-03-18T09:45:25.161104+00:00,2318.HK,Consolidation,0.6402,61.4143555981118,63.0,-0.0251689587601302
2026-03-18T09:45:25.257400+00:00,1109.HK,Consolidation,1.0,29.9574382583031,30.559999465942383,-0.0197173173484773
2026-03-18T09:45:25.348839+00:00,0939.HK,Consolidation,0.6424,7.723618012309217,8.119999885559082,-0.0488155023197482
2026-03-18T09:45:25.446738+00:00,2018.HK,Consolidation,1.0,31.786368436949328,33.220001220703125,-0.0431557113507972
2026-03-18T09:45:25.536401+00:00,3690.HK,Consolidation,0.6339,75.86237270385027,80.19999694824219,-0.0540850923871137
2026-03-18T09:45:25.620923+00:00,2688.HK,Consolidation,0.6422,67.03420828284624,67.3499984741211,-0.004688792849731
2026-03-18T09:45:25.708678+00:00,9988.HK,Consolidation,1.0,130.19361991119308,133.89999389648438,-0.0276801654536043
2026-03-18T09:45:25.797909+00:00,1810.HK,Consolidation,0.6329,33.228407247410416,34.720001220703125,-0.0429606544023762
2026-03-18T09:45:25.886847+00:00,1211.HK,Consolidation,0.6454,96.5439889281988,102.5999984741211,-0.0590254350486154
2026-03-18T09:45:25.978311+00:00,0005.HK,Consolidation,0.6459,121.3375523776665,125.8000030517578,-0.0354725800146072
2026-03-18T09:45:26.070719+00:00,0175.HK,Consolidation,1.0,17.303377981656354,18.5,-0.0646822712618187
2026-03-18T09:45:26.161926+00:00,0700.HK,Consolidation,1.0,543.9230328798294,546.0,-0.0038039690845615
2026-03-18T09:45:26.256260+00:00,2269.HK,Consolidation,1.0,33.881607769454774,35.13999938964844,-0.0358108037009346
2026-03-18T09:45:26.340613+00:00,0960.HK,Consolidation,0.6341,9.02132061450918,9.239999771118164,-0.0236665759768219
2026-03-18T09:45:26.423406+00:00,1024.HK,Consolidation,0.6415,58.692022356744815,59.0,-0.0052199600551726
2026-03-18T09:45:26.508736+00:00,0941.HK,Consolidation,0.6562,78.32783139891495,79.75,-0.0178328351233234
2026-03-18T09:45:26.597239+00:00,1299.HK,Consolidation,1.0,81.99762520285833,84.5,-0.0296139029247534
2026-03-18T09:45:26.682814+00:00,0388.HK,Consolidation,1.0,400.0813119709492,403.7999877929688,-0.0092092024131664
2026-03-18T09:45:26.772599+00:00,0688.HK,Consolidation,0.6391,12.823594734333632,13.170000076293944,-0.0263026074376297
2026-03-18T09:46:28.110566+00:00,9988.HK,Consolidation,1.0,130.19361991119308,133.89999389648438,-0.0276801654536043
2026-03-18T09:46:28.198625+00:00,2269.HK,Consolidation,1.0,33.881607769454774,35.13999938964844,-0.0358108037009346
2026-03-18T09:46:28.280398+00:00,0939.HK,Consolidation,0.6424,7.723618012309217,8.119999885559082,-0.0488155023197482
2026-03-18T09:46:28.361641+00:00,0388.HK,Consolidation,1.0,400.0813119709492,403.7999877929688,-0.0092092024131664
2026-03-18T09:46:28.449593+00:00,0941.HK,Consolidation,0.6562,78.32783139891495,79.75,-0.0178328351233234
2026-03-18T09:46:28.540110+00:00,3690.HK,Consolidation,0.6339,75.86237270385027,80.19999694824219,-0.0540850923871137
2026-03-18T09:46:28.626914+00:00,2318.HK,Consolidation,0.6402,61.4143555981118,63.0,-0.0251689587601302
2026-03-18T09:46:28.709365+00:00,0700.HK,Consolidation,1.0,543.9230328798294,546.0,-0.0038039690845615
2026-03-18T09:46:28.789374+00:00,0960.HK,Consolidation,0.6341,9.02132061450918,9.239999771118164,-0.0236665759768219
2026-03-18T09:46:28.872251+00:00,1211.HK,Consolidation,0.6454,96.5439889281988,102.5999984741211,-0.0590254350486154
2026-03-18T09:46:28.953699+00:00,2688.HK,Consolidation,0.6422,67.03420828284624,67.3499984741211,-0.004688792849731
2026-03-18T09:46:29.032851+00:00,0005.HK,Consolidation,0.6459,121.3375523776665,125.8000030517578,-0.0354725800146072
2026-03-18T09:46:29.115563+00:00,0175.HK,Consolidation,1.0,17.303377981656354,18.5,-0.0646822712618187
2026-03-18T09:46:29.201457+00:00,1810.HK,Consolidation,0.6329,33.228407247410416,34.720001220703125,-0.0429606544023762
2026-03-18T09:46:29.286815+00:00,1109.HK,Consolidation,1.0,29.9574382583031,30.559999465942383,-0.0197173173484773
2026-03-18T09:46:29.369376+00:00,0688.HK,Consolidation,0.6391,12.823594734333632,13.170000076293944,-0.0263026074376297
2026-03-18T09:46:29.453271+00:00,1024.HK,Consolidation,0.6415,58.692022356744815,59.0,-0.0052199600551726
2026-03-18T09:46:29.543313+00:00,2018.HK,Consolidation,1.0,31.786368436949328,33.220001220703125,-0.0431557113507972
2026-03-18T09:46:29.641028+00:00,1299.HK,Consolidation,1.0,81.99762520285833,84.5,-0.0296139029247534
2026-03-18T09:47:31.000045+00:00,1024.HK,Consolidation,0.6415,58.692022356744815,59.0,-0.0052199600551726
2026-03-18T09:47:31.089222+00:00,0005.HK,Consolidation,0.6459,121.3375523776665,125.8000030517578,-0.0354725800146072
2026-03-18T09:47:31.174096+00:00,1211.HK,Consolidation,0.6454,96.5439889281988,102.5999984741211,-0.0590254350486154
2026-03-18T09:47:31.262353+00:00,0388.HK,Consolidation,1.0,400.0813119709492,403.7999877929688,-0.0092092024131664
2026-03-18T09:47:31.351301+00:00,1810.HK,Consolidation,0.6329,33.228407247410416,34.720001220703125,-0.0429606544023762
2026-03-18T09:47:31.438991+00:00,0939.HK,Consolidation,0.6424,7.723618012309217,8.119999885559082,-0.0488155023197482
2026-03-18T09:47:31.523371+00:00,2688.HK,Consolidation,0.6422,67.03420828284624,67.3499984741211,-0.004688792849731
2026-03-18T09:47:31.616089+00:00,0960.HK,Consolidation,0.6341,9.02132061450918,9.239999771118164,-0.0236665759768219
2026-03-18T09:47:31.709465+00:00,2269.HK,Consolidation,1.0,33.881607769454774,35.13999938964844,-0.0358108037009346
2026-03-18T09:47:31.801006+00:00,2318.HK,Consolidation,0.6402,61.4143555981118,63.0,-0.0251689587601302
2026-03-18T09:47:31.897327+00:00,9988.HK,Consolidation,1.0,130.19361991119308,133.89999389648438,-0.0276801654536043
2026-03-18T09:47:31.987721+00:00,1109.HK,Consolidation,1.0,29.9574382583031,30.559999465942383,-0.0197173173484773
2026-03-18T09:47:32.079051+00:00,0941.HK,Consolidation,0.6562,78.32783139891495,79.75,-0.0178328351233234
2026-03-18T09:47:32.160948+00:00,3690.HK,Consolidation,0.6339,75.86237270385027,80.19999694824219,-0.0540850923871137
2026-03-18T09:47:32.247024+00:00,0175.HK,Consolidation,1.0,17.303377981656354,18.5,-0.0646822712618187
2026-03-18T09:47:32.328474+00:00,0688.HK,Consolidation,0.6391,12.823594734333632,13.170000076293944,-0.0263026074376297
2026-03-18T09:47:32.412750+00:00,0700.HK,Consolidation,1.0,543.9230328798294,546.0,-0.0038039690845615
2026-03-18T09:47:32.490701+00:00,2018.HK,Consolidation,1.0,31.786368436949328,33.220001220703125,-0.0431557113507972
2026-03-18T09:47:32.575132+00:00,1299.HK,Consolidation,1.0,81.99762520285833,84.5,-0.0296139029247534
2026-03-18T09:48:33.939444+00:00,1810.HK,Consolidation,0.6329,33.228407247410416,34.720001220703125,-0.0429606544023762
2026-03-18T09:48:34.025198+00:00,0700.HK,Consolidation,1.0,543.9230328798294,546.0,-0.0038039690845615
2026-03-18T09:48:34.116516+00:00,0175.HK,Consolidation,1.0,17.303377981656354,18.5,-0.0646822712618187
2026-03-18T09:48:34.205645+00:00,2018.HK,Consolidation,1.0,31.786368436949328,33.220001220703125,-0.0431557113507972
2026-03-18T09:48:34.283364+00:00,3690.HK,Consolidation,0.6339,75.86237270385027,80.19999694824219,-0.0540850923871137
2026-03-18T09:48:34.370629+00:00,2318.HK,Consolidation,0.6402,61.4143555981118,63.0,-0.0251689587601302
2026-03-18T09:48:34.459319+00:00,0939.HK,Consolidation,0.6424,7.723618012309217,8.119999885559082,-0.0488155023197482
2026-03-18T09:48:34.552928+00:00,0005.HK,Consolidation,0.6459,121.3375523776665,125.8000030517578,-0.0354725800146072
2026-03-18T09:48:34.645418+00:00,0388.HK,Consolidation,1.0,400.0813119709492,403.7999877929688,-0.0092092024131664
2026-03-18T09:48:34.729691+00:00,2269.HK,Consolidation,1.0,33.881607769454774,35.13999938964844,-0.0358108037009346
2026-03-18T09:48:34.815377+00:00,0960.HK,Consolidation,0.6341,9.02132061450918,9.239999771118164,-0.0236665759768219
2026-03-18T09:48:34.898035+00:00,0941.HK,Consolidation,0.6562,78.32783139891495,79.75,-0.0178328351233234
2026-03-18T09:48:34.984218+00:00,1109.HK,Consolidation,1.0,29.9574382583031,30.559999465942383,-0.0197173173484773
2026-03-18T09:48:35.069661+00:00,1024.HK,Consolidation,0.6415,58.692022356744815,59.0,-0.0052199600551726
2026-03-18T09:48:35.161097+00:00,1211.HK,Consolidation,0.6454,96.5439889281988,102.5999984741211,-0.0590254350486154
2026-03-18T09:48:35.250695+00:00,0688.HK,Consolidation,0.6391,12.823594734333632,13.170000076293944,-0.0263026074376297
2026-03-18T09:48:35.337235+00:00,2688.HK,Consolidation,0.6422,67.03420828284624,67.3499984741211,-0.004688792849731
2026-03-18T09:48:35.429840+00:00,1299.HK,Consolidation,1.0,81.99762520285833,84.5,-0.0296139029247534
2026-03-18T09:48:35.520212+00:00,9988.HK,Consolidation,1.0,130.19361991119308,133.89999389648438,-0.0276801654536043
2026-03-18T09:49:36.908135+00:00,9988.HK,Consolidation,1.0,130.19361991119308,133.89999389648438,-0.0276801654536043
2026-03-18T09:49:36.997817+00:00,1299.HK,Consolidation,1.0,81.99762520285833,84.5,-0.0296139029247534
2026-03-18T09:49:37.084157+00:00,1810.HK,Consolidation,0.6329,33.228407247410416,34.720001220703125,-0.0429606544023762
2026-03-18T09:49:37.168780+00:00,1211.HK,Consolidation,0.6454,96.5439889281988,102.5999984741211,-0.0590254350486154
2026-03-18T09:49:37.251394+00:00,2269.HK,Consolidation,1.0,33.881607769454774,35.13999938964844,-0.0358108037009346
2026-03-18T09:49:37.338139+00:00,0700.HK,Consolidation,1.0,543.9230328798294,546.0,-0.0038039690845615
2026-03-18T09:49:37.416109+00:00,2688.HK,Consolidation,0.6422,67.03420828284624,67.3499984741211,-0.004688792849731
2026-03-18T09:49:37.500473+00:00,0939.HK,Consolidation,0.6424,7.723618012309217,8.119999885559082,-0.0488155023197482
2026-03-18T09:49:37.589349+00:00,2018.HK,Consolidation,1.0,31.786368436949328,33.220001220703125,-0.0431557113507972
2026-03-18T09:49:37.670830+00:00,3690.HK,Consolidation,0.6339,75.86237270385027,80.19999694824219,-0.0540850923871137
2026-03-18T09:49:37.754092+00:00,1109.HK,Consolidation,1.0,29.9574382583031,30.559999465942383,-0.0197173173484773
2026-03-18T09:49:37.841360+00:00,2318.HK,Consolidation,0.6402,61.4143555981118,63.0,-0.0251689587601302
2026-03-18T09:49:37.925179+00:00,1024.HK,Consolidation,0.6415,58.692022356744815,59.0,-0.0052199600551726
2026-03-18T09:49:38.013796+00:00,0688.HK,Consolidation,0.6391,12.823594734333632,13.170000076293944,-0.0263026074376297
2026-03-18T09:49:38.100379+00:00,0941.HK,Consolidation,0.6562,78.32783139891495,79.75,-0.0178328351233234
2026-03-18T09:49:38.183044+00:00,0175.HK,Consolidation,1.0,17.303377981656354,18.5,-0.0646822712618187
2026-03-18T09:49:38.266689+00:00,0388.HK,Consolidation,1.0,400.0813119709492,403.7999877929688,-0.0092092024131664
2026-03-18T09:49:38.353825+00:00,0005.HK,Consolidation,0.6459,121.3375523776665,125.8000030517578,-0.0354725800146072
2026-03-18T09:49:38.439459+00:00,0960.HK,Consolidation,0.6341,9.02132061450918,9.239999771118164,-0.0236665759768219
2026-03-18T09:50:39.809171+00:00,1810.HK,Consolidation,0.6329,33.228407247410416,34.720001220703125,-0.0429606544023762
2026-03-18T09:50:39.897857+00:00,0941.HK,Consolidation,0.6562,78.32783139891495,79.75,-0.0178328351233234
2026-03-18T09:50:39.985868+00:00,3690.HK,Consolidation,0.6339,75.86237270385027,80.19999694824219,-0.0540850923871137
2026-03-18T09:50:40.074648+00:00,0175.HK,Consolidation,1.0,17.303377981656354,18.5,-0.0646822712618187
2026-03-18T09:50:40.158551+00:00,2018.HK,Consolidation,1.0,31.786368436949328,33.220001220703125,-0.0431557113507972
2026-03-18T09:50:40.249930+00:00,1299.HK,Consolidation,1.0,81.99762520285833,84.5,-0.0296139029247534
2026-03-18T09:50:40.356928+00:00,0700.HK,Consolidation,1.0,543.9230328798294,546.0,-0.0038039690845615
2026-03-18T09:50:40.433469+00:00,0960.HK,Consolidation,0.6341,9.02132061450918,9.239999771118164,-0.0236665759768219
2026-03-18T09:50:40.512380+00:00,0005.HK,Consolidation,0.6459,121.3375523776665,125.8000030517578,-0.0354725800146072
2026-03-18T09:50:40.593405+00:00,1024.HK,Consolidation,0.6415,58.692022356744815,59.0,-0.0052199600551726
2026-03-18T09:50:40.675197+00:00,1109.HK,Consolidation,1.0,29.9574382583031,30.559999465942383,-0.0197173173484773
2026-03-18T09:50:40.752159+00:00,2688.HK,Consolidation,0.6422,67.03420828284624,67.3499984741211,-0.004688792849731
2026-03-18T09:50:40.834082+00:00,2318.HK,Consolidation,0.6402,61.4143555981118,63.0,-0.0251689587601302
2026-03-18T09:50:40.912377+00:00,1211.HK,Consolidation,0.6454,96.5439889281988,102.5999984741211,-0.0590254350486154
2026-03-18T09:50:40.997200+00:00,0939.HK,Consolidation,0.6424,7.723618012309217,8.119999885559082,-0.0488155023197482
2026-03-18T09:50:41.083765+00:00,0688.HK,Consolidation,0.6391,12.823594734333632,13.170000076293944,-0.0263026074376297
2026-03-18T09:50:41.171063+00:00,9988.HK,Consolidation,1.0,130.19361991119308,133.89999389648438,-0.0276801654536043
2026-03-18T09:50:41.256491+00:00,2269.HK,Consolidation,1.0,33.881607769454774,35.13999938964844,-0.0358108037009346
2026-03-18T09:50:41.340797+00:00,0388.HK,Consolidation,1.0,400.0813119709492,403.7999877929688,-0.0092092024131664
2026-03-18T09:51:42.692442+00:00,0700.HK,Consolidation,1.0,543.9230328798294,546.0,-0.0038039690845615
2026-03-18T09:51:42.794221+00:00,9988.HK,Consolidation,1.0,130.19361991119308,133.89999389648438,-0.0276801654536043
2026-03-18T09:51:42.888614+00:00,0941.HK,Consolidation,0.6562,78.32783139891495,79.75,-0.0178328351233234
2026-03-18T09:51:42.978290+00:00,2318.HK,Consolidation,0.6402,61.4143555981118,63.0,-0.0251689587601302
2026-03-18T09:51:43.067525+00:00,2018.HK,Consolidation,1.0,31.786368436949328,33.220001220703125,-0.0431557113507972
2026-03-18T09:51:43.149527+00:00,1109.HK,Consolidation,1.0,29.9574382583031,30.559999465942383,-0.0197173173484773
2026-03-18T09:51:43.231450+00:00,1024.HK,Consolidation,0.6415,58.692022356744815,59.0,-0.0052199600551726
2026-03-18T09:51:43.317301+00:00,2269.HK,Consolidation,1.0,33.881607769454774,35.13999938964844,-0.0358108037009346
2026-03-18T09:51:43.407902+00:00,2688.HK,Consolidation,0.6422,67.03420828284624,67.3499984741211,-0.004688792849731
2026-03-18T09:51:43.499132+00:00,0939.HK,Consolidation,0.6424,7.723618012309217,8.119999885559082,-0.0488155023197482
2026-03-18T09:51:43.587486+00:00,0960.HK,Consolidation,0.6341,9.02132061450918,9.239999771118164,-0.0236665759768219
2026-03-18T09:51:43.678634+00:00,3690.HK,Consolidation,0.6339,75.86237270385027,80.19999694824219,-0.0540850923871137
2026-03-18T09:51:43.770020+00:00,0005.HK,Consolidation,0.6459,121.3375523776665,125.8000030517578,-0.0354725800146072
2026-03-18T09:51:43.854729+00:00,1810.HK,Consolidation,0.6329,33.228407247410416,34.720001220703125,-0.0429606544023762
2026-03-18T09:51:43.941985+00:00,0388.HK,Consolidation,1.0,400.0813119709492,403.7999877929688,-0.0092092024131664
2026-03-18T09:51:44.028028+00:00,0175.HK,Consolidation,1.0,17.303377981656354,18.5,-0.0646822712618187
2026-03-18T09:51:44.119107+00:00,1211.HK,Consolidation,0.6454,96.5439889281988,102.5999984741211,-0.0590254350486154
2026-03-18T09:51:44.206167+00:00,0688.HK,Consolidation,0.6391,12.823594734333632,13.170000076293944,-0.0263026074376297
2026-03-18T09:51:44.296074+00:00,1299.HK,Consolidation,1.0,81.99762520285833,84.5,-0.0296139029247534
2026-03-18T09:52:45.643764+00:00,0939.HK,Consolidation,0.6424,7.723618012309217,8.119999885559082,-0.0488155023197482
2026-03-18T09:52:45.733246+00:00,0388.HK,Consolidation,1.0,400.0813119709492,403.7999877929688,-0.0092092024131664
2026-03-18T09:52:45.818153+00:00,9988.HK,Consolidation,1.0,130.19361991119308,133.89999389648438,-0.0276801654536043
2026-03-18T09:52:45.901765+00:00,2018.HK,Consolidation,1.0,31.786368436949328,33.220001220703125,-0.0431557113507972
2026-03-18T09:52:45.990530+00:00,3690.HK,Consolidation,0.6339,75.86237270385027,80.19999694824219,-0.0540850923871137
2026-03-18T09:52:46.080807+00:00,0941.HK,Consolidation,0.6562,78.32783139891495,79.75,-0.0178328351233234
2026-03-18T09:52:46.165626+00:00,1299.HK,Consolidation,1.0,81.99762520285833,84.5,-0.0296139029247534
2026-03-18T09:52:46.250164+00:00,1810.HK,Consolidation,0.6329,33.228407247410416,34.720001220703125,-0.0429606544023762
2026-03-18T09:52:46.332301+00:00,0005.HK,Consolidation,0.6459,121.3375523776665,125.8000030517578,-0.0354725800146072
2026-03-18T09:52:46.415963+00:00,2688.HK,Consolidation,0.6422,67.03420828284624,67.3499984741211,-0.004688792849731
2026-03-18T09:52:46.502455+00:00,0175.HK,Consolidation,1.0,17.303377981656354,18.5,-0.0646822712618187
2026-03-18T09:52:46.589017+00:00,1024.HK,Consolidation,0.6415,58.692022356744815,59.0,-0.0052199600551726
2026-03-18T09:52:46.678480+00:00,0700.HK,Consolidation,1.0,543.9230328798294,546.0,-0.0038039690845615
2026-03-18T09:52:46.759771+00:00,0688.HK,Consolidation,0.6391,12.823594734333632,13.170000076293944,-0.0263026074376297
2026-03-18T09:52:46.848329+00:00,2269.HK,Consolidation,1.0,33.881607769454774,35.13999938964844,-0.0358108037009346
2026-03-18T09:52:46.938599+00:00,1109.HK,Consolidation,1.0,29.9574382583031,30.559999465942383,-0.0197173173484773
2026-03-18T09:52:47.032913+00:00,2318.HK,Consolidation,0.6402,61.4143555981118,63.0,-0.0251689587601302
2026-03-18T09:52:47.125251+00:00,1211.HK,Consolidation,0.6454,96.5439889281988,102.5999984741211,-0.0590254350486154
2026-03-18T09:52:47.203902+00:00,0960.HK,Consolidation,0.6341,9.02132061450918,9.239999771118164,-0.0236665759768219
2026-03-18T09:53:48.569994+00:00,3690.HK,Consolidation,0.6339,75.86237270385027,80.19999694824219,-0.0540850923871137
2026-03-18T09:53:48.661981+00:00,1810.HK,Consolidation,0.6329,33.228407247410416,34.720001220703125,-0.0429606544023762
2026-03-18T09:53:48.753269+00:00,1109.HK,Consolidation,1.0,29.9574382583031,30.559999465942383,-0.0197173173484773
2026-03-18T09:53:48.840796+00:00,0175.HK,Consolidation,1.0,17.303377981656354,18.5,-0.0646822712618187
2026-03-18T09:53:48.923674+00:00,1299.HK,Consolidation,1.0,81.99762520285833,84.5,-0.0296139029247534
2026-03-18T09:53:49.009203+00:00,2269.HK,Consolidation,1.0,33.881607769454774,35.13999938964844,-0.0358108037009346
2026-03-18T09:53:49.091802+00:00,1024.HK,Consolidation,0.6415,58.692022356744815,59.0,-0.0052199600551726
2026-03-18T09:53:49.174763+00:00,0700.HK,Consolidation,1.0,543.9230328798294,546.0,-0.0038039690845615
2026-03-18T09:53:49.259533+00:00,0688.HK,Consolidation,0.6391,12.823594734333632,13.170000076293944,-0.0263026074376297
2026-03-18T09:53:49.343234+00:00,2018.HK,Consolidation,1.0,31.786368436949328,33.220001220703125,-0.0431557113507972
2026-03-18T09:53:49.428244+00:00,9988.HK,Consolidation,1.0,130.19361991119308,133.89999389648438,-0.0276801654536043
2026-03-18T09:53:49.514636+00:00,1211.HK,Consolidation,0.6454,96.5439889281988,102.5999984741211,-0.0590254350486154
2026-03-18T09:53:49.599277+00:00,2688.HK,Consolidation,0.6422,67.03420828284624,67.3499984741211,-0.004688792849731
2026-03-18T09:53:49.681741+00:00,0960.HK,Consolidation,0.6341,9.02132061450918,9.239999771118164,-0.0236665759768219
2026-03-18T09:53:49.768715+00:00,0939.HK,Consolidation,0.6424,7.723618012309217,8.119999885559082,-0.0488155023197482
2026-03-18T09:53:49.857331+00:00,0388.HK,Consolidation,1.0,400.0813119709492,403.7999877929688,-0.0092092024131664
2026-03-18T09:53:49.946767+00:00,0005.HK,Consolidation,0.6459,121.3375523776665,125.8000030517578,-0.0354725800146072
2026-03-18T09:53:50.037319+00:00,2318.HK,Consolidation,0.6402,61.4143555981118,63.0,-0.0251689587601302
2026-03-18T09:53:50.128439+00:00,0941.HK,Consolidation,0.6562,78.32783139891495,79.75,-0.0178328351233234
2026-03-18T09:54:51.533004+00:00,1211.HK,Consolidation,0.6454,96.5439889281988,102.5999984741211,-0.0590254350486154
2026-03-18T09:54:51.614379+00:00,2018.HK,Consolidation,1.0,31.786368436949328,33.220001220703125,-0.0431557113507972
2026-03-18T09:54:51.701945+00:00,2318.HK,Consolidation,0.6402,61.4143555981118,63.0,-0.0251689587601302
2026-03-18T09:54:51.792287+00:00,9988.HK,Consolidation,1.0,130.19361991119308,133.89999389648438,-0.0276801654536043
2026-03-18T09:54:51.882781+00:00,2269.HK,Consolidation,1.0,33.881607769454774,35.13999938964844,-0.0358108037009346
2026-03-18T09:54:51.965476+00:00,0005.HK,Consolidation,0.6459,121.3375523776665,125.8000030517578,-0.0354725800146072
2026-03-18T09:54:52.061049+00:00,0941.HK,Consolidation,0.6562,78.32783139891495,79.75,-0.0178328351233234
2026-03-18T09:54:52.152938+00:00,0939.HK,Consolidation,0.6424,7.723618012309217,8.119999885559082,-0.0488155023197482
2026-03-18T09:54:52.248625+00:00,1109.HK,Consolidation,1.0,29.9574382583031,30.559999465942383,-0.0197173173484773
2026-03-18T09:54:52.336858+00:00,1024.HK,Consolidation,0.6415,58.692022356744815,59.0,-0.0052199600551726
2026-03-18T09:54:52.425886+00:00,0388.HK,Consolidation,1.0,400.0813119709492,403.7999877929688,-0.0092092024131664
2026-03-18T09:54:52.509993+00:00,1299.HK,Consolidation,1.0,81.99762520285833,84.5,-0.0296139029247534
2026-03-18T09:54:52.594776+00:00,1810.HK,Consolidation,0.6329,33.228407247410416,34.720001220703125,-0.0429606544023762
2026-03-18T09:54:52.680402+00:00,2688.HK,Consolidation,0.6422,67.03420828284624,67.3499984741211,-0.004688792849731
2026-03-18T09:54:52.770059+00:00,0960.HK,Consolidation,0.6341,9.02132061450918,9.239999771118164,-0.0236665759768219
2026-03-18T09:54:52.860733+00:00,3690.HK,Consolidation,0.6339,75.86237270385027,80.19999694824219,-0.0540850923871137
2026-03-18T09:54:52.946411+00:00,0700.HK,Consolidation,1.0,543.9230328798294,546.0,-0.0038039690845615
2026-03-18T09:54:53.029861+00:00,0175.HK,Consolidation,1.0,17.303377981656354,18.5,-0.0646822712618187
2026-03-18T09:54:53.115326+00:00,0688.HK,Consolidation,0.6391,12.823594734333632,13.170000076293944,-0.0263026074376297
2026-03-18T09:55:54.456361+00:00,1024.HK,Consolidation,0.6415,58.692022356744815,59.0,-0.0052199600551726
2026-03-18T09:55:54.551251+00:00,9988.HK,Consolidation,1.0,130.19361991119308,133.89999389648438,-0.0276801654536043
2026-03-18T09:55:54.642806+00:00,1109.HK,Consolidation,1.0,29.9574382583031,30.559999465942383,-0.0197173173484773
2026-03-18T09:55:54.735368+00:00,1299.HK,Consolidation,1.0,81.99762520285833,84.5,-0.0296139029247534
2026-03-18T09:55:54.824470+00:00,0960.HK,Consolidation,0.6341,9.02132061450918,9.239999771118164,-0.0236665759768219
2026-03-18T09:55:54.911876+00:00,0939.HK,Consolidation,0.6424,7.723618012309217,8.119999885559082,-0.0488155023197482
2026-03-18T09:55:55.000639+00:00,2318.HK,Consolidation,0.6402,61.4143555981118,63.0,-0.0251689587601302
2026-03-18T09:55:55.093176+00:00,0005.HK,Consolidation,0.6459,121.3375523776665,125.8000030517578,-0.0354725800146072
2026-03-18T09:55:55.182246+00:00,0175.HK,Consolidation,1.0,17.303377981656354,18.5,-0.0646822712618187
2026-03-18T09:55:55.270365+00:00,2269.HK,Consolidation,1.0,33.881607769454774,35.13999938964844,-0.0358108037009346
2026-03-18T09:55:55.363128+00:00,0388.HK,Consolidation,1.0,400.0813119709492,403.7999877929688,-0.0092092024131664
2026-03-18T09:55:55.453278+00:00,0941.HK,Consolidation,0.6562,78.32783139891495,79.75,-0.0178328351233234
2026-03-18T09:55:55.545100+00:00,0700.HK,Consolidation,1.0,543.9230328798294,546.0,-0.0038039690845615
2026-03-18T09:55:55.631218+00:00,1810.HK,Consolidation,0.6329,33.228407247410416,34.720001220703125,-0.0429606544023762
2026-03-18T09:55:55.712815+00:00,2018.HK,Consolidation,1.0,31.786368436949328,33.220001220703125,-0.0431557113507972
2026-03-18T09:55:55.794934+00:00,3690.HK,Consolidation,0.6339,75.86237270385027,80.19999694824219,-0.0540850923871137
2026-03-18T09:55:55.881746+00:00,2688.HK,Consolidation,0.6422,67.03420828284624,67.3499984741211,-0.004688792849731
2026-03-18T09:55:55.969671+00:00,0688.HK,Consolidation,0.6391,12.823594734333632,13.170000076293944,-0.0263026074376297
2026-03-18T09:55:56.057208+00:00,1211.HK,Consolidation,0.6454,96.5439889281988,102.5999984741211,-0.0590254350486154
2026-03-18T09:56:57.400606+00:00,0960.HK,Consolidation,0.6341,9.02132061450918,9.239999771118164,-0.0236665759768219
2026-03-18T09:56:57.485531+00:00,0175.HK,Consolidation,1.0,17.303377981656354,18.5,-0.0646822712618187
2026-03-18T09:56:57.569707+00:00,1810.HK,Consolidation,0.6329,33.228407247410416,34.720001220703125,-0.0429606544023762
2026-03-18T09:56:57.652688+00:00,1109.HK,Consolidation,1.0,29.9574382583031,30.559999465942383,-0.0197173173484773
2026-03-18T09:56:57.758918+00:00,9988.HK,Consolidation,1.0,130.19361991119308,133.89999389648438,-0.0276801654536043
2026-03-18T09:56:57.844006+00:00,0700.HK,Consolidation,1.0,543.9230328798294,546.0,-0.0038039690845615
2026-03-18T09:56:57.932915+00:00,2269.HK,Consolidation,1.0,33.881607769454774,35.13999938964844,-0.0358108037009346
2026-03-18T09:56:58.016711+00:00,3690.HK,Consolidation,0.6339,75.86237270385027,80.19999694824219,-0.0540850923871137
2026-03-18T09:56:58.104615+00:00,1024.HK,Consolidation,0.6415,58.692022356744815,59.0,-0.0052199600551726
2026-03-18T09:56:58.187785+00:00,0388.HK,Consolidation,1.0,400.0813119709492,403.7999877929688,-0.0092092024131664
2026-03-18T09:56:58.270762+00:00,0941.HK,Consolidation,0.6562,78.32783139891495,79.75,-0.0178328351233234
2026-03-18T09:56:58.352442+00:00,2018.HK,Consolidation,1.0,31.786368436949328,33.220001220703125,-0.0431557113507972
2026-03-18T09:56:58.430542+00:00,1299.HK,Consolidation,1.0,81.99762520285833,84.5,-0.0296139029247534
2026-03-18T09:56:58.518733+00:00,2688.HK,Consolidation,0.6422,67.03420828284624,67.3499984741211,-0.004688792849731
2026-03-18T09:56:58.604530+00:00,0939.HK,Consolidation,0.6424,7.723618012309217,8.119999885559082,-0.0488155023197482
2026-03-18T09:56:58.688475+00:00,2318.HK,Consolidation,0.6402,61.4143555981118,63.0,-0.0251689587601302
2026-03-18T09:56:58.777515+00:00,0005.HK,Consolidation,0.6459,121.3375523776665,125.8000030517578,-0.0354725800146072
2026-03-18T09:56:58.862956+00:00,1211.HK,Consolidation,0.6454,96.5439889281988,102.5999984741211,-0.0590254350486154
2026-03-18T09:56:58.954490+00:00,0688.HK,Consolidation,0.6391,12.823594734333632,13.170000076293944,-0.0263026074376297
2026-03-18T09:58:00.311312+00:00,9988.HK,Consolidation,1.0,130.19361991119308,133.89999389648438,-0.0276801654536043
2026-03-18T09:58:00.401217+00:00,0941.HK,Consolidation,0.6562,78.32783139891495,79.75,-0.0178328351233234
2026-03-18T09:58:00.490784+00:00,0700.HK,Consolidation,1.0,543.9230328798294,546.0,-0.0038039690845615
2026-03-18T09:58:00.584748+00:00,1211.HK,Consolidation,0.6454,96.5439889281988,102.5999984741211,-0.0590254350486154
2026-03-18T09:58:00.668818+00:00,2318.HK,Consolidation,0.6402,61.4143555981118,63.0,-0.0251689587601302
2026-03-18T09:58:00.756656+00:00,3690.HK,Consolidation,0.6339,75.86237270385027,80.19999694824219,-0.0540850923871137
2026-03-18T09:58:00.849102+00:00,0939.HK,Consolidation,0.6424,7.723618012309217,8.119999885559082,-0.0488155023197482
2026-03-18T09:58:00.937629+00:00,1299.HK,Consolidation,1.0,81.99762520285833,84.5,-0.0296139029247534
2026-03-18T09:58:01.019905+00:00,0960.HK,Consolidation,0.6341,9.02132061450918,9.239999771118164,-0.0236665759768219
2026-03-18T09:58:01.108561+00:00,1109.HK,Consolidation,1.0,29.9574382583031,30.559999465942383,-0.0197173173484773
2026-03-18T09:58:01.202502+00:00,1024.HK,Consolidation,0.6415,58.692022356744815,59.0,-0.0052199600551726
2026-03-18T09:58:01.288307+00:00,0175.HK,Consolidation,1.0,17.303377981656354,18.5,-0.0646822712618187
2026-03-18T09:58:01.370821+00:00,1810.HK,Consolidation,0.6329,33.228407247410416,34.720001220703125,-0.0429606544023762
2026-03-18T09:58:01.451121+00:00,2688.HK,Consolidation,0.6422,67.03420828284624,67.3499984741211,-0.004688792849731
2026-03-18T09:58:01.531083+00:00,2018.HK,Consolidation,1.0,31.786368436949328,33.220001220703125,-0.0431557113507972
2026-03-18T09:58:01.618411+00:00,0688.HK,Consolidation,0.6391,12.823594734333632,13.170000076293944,-0.0263026074376297
2026-03-18T09:58:01.705231+00:00,2269.HK,Consolidation,1.0,33.881607769454774,35.13999938964844,-0.0358108037009346
2026-03-18T09:58:01.790715+00:00,0388.HK,Consolidation,1.0,400.0813119709492,403.7999877929688,-0.0092092024131664
2026-03-18T09:58:01.874930+00:00,0005.HK,Consolidation,0.6459,121.3375523776665,125.8000030517578,-0.0354725800146072
2026-03-18T09:59:03.239994+00:00,1024.HK,Consolidation,0.6415,58.692022356744815,59.0,-0.0052199600551726
2026-03-18T09:59:03.322291+00:00,2688.HK,Consolidation,0.6422,67.03420828284624,67.3499984741211,-0.004688792849731
2026-03-18T09:59:03.410791+00:00,1211.HK,Consolidation,0.6454,96.5439889281988,102.5999984741211,-0.0590254350486154
2026-03-18T09:59:03.497173+00:00,0688.HK,Consolidation,0.6391,12.823594734333632,13.170000076293944,-0.0263026074376297
2026-03-18T09:59:03.580417+00:00,9988.HK,Consolidation,1.0,130.19361991119308,133.89999389648438,-0.0276801654536043
2026-03-18T09:59:03.668635+00:00,0700.HK,Consolidation,1.0,543.9230328798294,546.0,-0.0038039690845615
2026-03-18T09:59:03.761298+00:00,0005.HK,Consolidation,0.6459,121.3375523776665,125.8000030517578,-0.0354725800146072
2026-03-18T09:59:03.857707+00:00,0388.HK,Consolidation,1.0,400.0813119709492,403.7999877929688,-0.0092092024131664
2026-03-18T09:59:03.949658+00:00,3690.HK,Consolidation,0.6339,75.86237270385027,80.19999694824219,-0.0540850923871137
2026-03-18T09:59:04.034487+00:00,0960.HK,Consolidation,0.6341,9.02132061450918,9.239999771118164,-0.0236665759768219
2026-03-18T09:59:04.115123+00:00,2269.HK,Consolidation,1.0,33.881607769454774,35.13999938964844,-0.0358108037009346
2026-03-18T09:59:04.200317+00:00,2318.HK,Consolidation,0.6402,61.4143555981118,63.0,-0.0251689587601302
2026-03-18T09:59:04.287934+00:00,0939.HK,Consolidation,0.6424,7.723618012309217,8.119999885559082,-0.0488155023197482
2026-03-18T09:59:04.377022+00:00,0941.HK,Consolidation,0.6562,78.32783139891495,79.75,-0.0178328351233234
2026-03-18T09:59:04.467768+00:00,1810.HK,Consolidation,0.6329,33.228407247410416,34.720001220703125,-0.0429606544023762
2026-03-18T09:59:04.562968+00:00,1109.HK,Consolidation,1.0,29.9574382583031,30.559999465942383,-0.0197173173484773
2026-03-18T09:59:04.651934+00:00,2018.HK,Consolidation,1.0,31.786368436949328,33.220001220703125,-0.0431557113507972
2026-03-18T09:59:04.741496+00:00,1299.HK,Consolidation,1.0,81.99762520285833,84.5,-0.0296139029247534
2026-03-18T09:59:04.846154+00:00,0175.HK,Consolidation,1.0,17.303377981656354,18.5,-0.0646822712618187
2026-03-18T10:00:06.184154+00:00,1024.HK,Consolidation,0.6415,58.692022356744815,59.0,-0.0052199600551726
2026-03-18T10:00:06.271859+00:00,0005.HK,Consolidation,0.6459,121.3375523776665,125.8000030517578,-0.0354725800146072
2026-03-18T10:00:06.364836+00:00,2269.HK,Consolidation,1.0,33.881607769454774,35.13999938964844,-0.0358108037009346
2026-03-18T10:00:06.447666+00:00,3690.HK,Consolidation,0.6339,75.86237270385027,80.19999694824219,-0.0540850923871137
2026-03-18T10:00:06.530281+00:00,0388.HK,Consolidation,1.0,400.0813119709492,403.7999877929688,-0.0092092024131664
2026-03-18T10:00:06.610604+00:00,9988.HK,Consolidation,1.0,130.19361991119308,133.89999389648438,-0.0276801654536043
2026-03-18T10:00:06.692744+00:00,1810.HK,Consolidation,0.6329,33.228407247410416,34.720001220703125,-0.0429606544023762
2026-03-18T10:00:06.769927+00:00,0175.HK,Consolidation,1.0,17.303377981656354,18.5,-0.0646822712618187
2026-03-18T10:00:06.850191+00:00,1299.HK,Consolidation,1.0,81.99762520285833,84.5,-0.0296139029247534
2026-03-18T10:00:06.938033+00:00,2018.HK,Consolidation,1.0,31.786368436949328,33.220001220703125,-0.0431557113507972
2026-03-18T10:00:07.024281+00:00,0688.HK,Consolidation,0.6391,12.823594734333632,13.170000076293944,-0.0263026074376297
2026-03-18T10:00:07.111290+00:00,0960.HK,Consolidation,0.6341,9.02132061450918,9.239999771118164,-0.0236665759768219
2026-03-18T10:00:07.201336+00:00,1109.HK,Consolidation,1.0,29.9574382583031,30.559999465942383,-0.0197173173484773
2026-03-18T10:00:07.289140+00:00,0941.HK,Consolidation,0.6562,78.32783139891495,79.75,-0.0178328351233234
2026-03-18T10:00:07.380313+00:00,0700.HK,Consolidation,1.0,543.9230328798294,546.0,-0.0038039690845615
2026-03-18T10:00:07.467777+00:00,0939.HK,Consolidation,0.6424,7.723618012309217,8.119999885559082,-0.0488155023197482
2026-03-18T10:00:07.556436+00:00,2318.HK,Consolidation,0.6402,61.4143555981118,63.0,-0.0251689587601302
2026-03-18T10:00:07.644217+00:00,2688.HK,Consolidation,0.6422,67.03420828284624,67.3499984741211,-0.004688792849731
2026-03-18T10:00:07.730295+00:00,1211.HK,Consolidation,0.6454,96.5439889281988,102.5999984741211,-0.0590254350486154
2026-03-18T10:01:09.110860+00:00,0688.HK,Consolidation,0.6391,12.823594734333632,13.170000076293944,-0.0263026074376297
2026-03-18T10:01:09.203257+00:00,1211.HK,Consolidation,0.6454,96.5439889281988,102.5999984741211,-0.0590254350486154
2026-03-18T10:01:09.289949+00:00,2318.HK,Consolidation,0.6402,61.4143555981118,63.0,-0.0251689587601302
2026-03-18T10:01:09.371015+00:00,0388.HK,Consolidation,1.0,400.0813119709492,403.7999877929688,-0.0092092024131664
2026-03-18T10:01:09.460432+00:00,0939.HK,Consolidation,0.6424,7.723618012309217,8.119999885559082,-0.0488155023197482
2026-03-18T10:01:09.551537+00:00,1024.HK,Consolidation,0.6415,58.692022356744815,59.0,-0.0052199600551726
2026-03-18T10:01:09.637229+00:00,9988.HK,Consolidation,1.0,130.19361991119308,133.89999389648438,-0.0276801654536043
2026-03-18T10:01:09.714967+00:00,1109.HK,Consolidation,1.0,29.9574382583031,30.559999465942383,-0.0197173173484773
2026-03-18T10:01:09.799518+00:00,0005.HK,Consolidation,0.6459,121.3375523776665,125.8000030517578,-0.0354725800146072
2026-03-18T10:01:09.886638+00:00,2269.HK,Consolidation,1.0,33.881607769454774,35.13999938964844,-0.0358108037009346
2026-03-18T10:01:09.969513+00:00,0960.HK,Consolidation,0.6341,9.02132061450918,9.239999771118164,-0.0236665759768219
2026-03-18T10:01:10.047982+00:00,2688.HK,Consolidation,0.6422,67.03420828284624,67.3499984741211,-0.004688792849731
2026-03-18T10:01:10.131289+00:00,3690.HK,Consolidation,0.6339,75.86237270385027,80.19999694824219,-0.0540850923871137
2026-03-18T10:01:10.209647+00:00,2018.HK,Consolidation,1.0,31.786368436949328,33.220001220703125,-0.0431557113507972
2026-03-18T10:01:10.288918+00:00,1810.HK,Consolidation,0.6329,33.228407247410416,34.720001220703125,-0.0429606544023762
2026-03-18T10:01:10.373687+00:00,1299.HK,Consolidation,1.0,81.99762520285833,84.5,-0.0296139029247534
2026-03-18T10:01:10.459799+00:00,0700.HK,Consolidation,1.0,543.9230328798294,546.0,-0.0038039690845615
2026-03-18T10:01:10.543071+00:00,0175.HK,Consolidation,1.0,17.303377981656354,18.5,-0.0646822712618187
2026-03-18T10:01:10.632522+00:00,0941.HK,Consolidation,0.6562,78.32783139891495,79.75,-0.0178328351233234
2026-03-18T10:02:12.018780+00:00,2269.HK,Consolidation,1.0,33.881607769454774,35.13999938964844,-0.0358108037009346
2026-03-18T10:02:12.112732+00:00,2688.HK,Consolidation,0.6422,67.03420828284624,67.3499984741211,-0.004688792849731
2026-03-18T10:02:12.204204+00:00,1810.HK,Consolidation,0.6329,33.228407247410416,34.720001220703125,-0.0429606544023762
2026-03-18T10:02:12.295076+00:00,0960.HK,Consolidation,0.6341,9.02132061450918,9.239999771118164,-0.0236665759768219
2026-03-18T10:02:12.385291+00:00,0700.HK,Consolidation,1.0,543.9230328798294,546.0,-0.0038039690845615
2026-03-18T10:02:12.467627+00:00,0939.HK,Consolidation,0.6424,7.723618012309217,8.119999885559082,-0.0488155023197482
2026-03-18T10:02:12.553441+00:00,3690.HK,Consolidation,0.6339,75.86237270385027,80.19999694824219,-0.0540850923871137
2026-03-18T10:02:12.644550+00:00,2318.HK,Consolidation,0.6402,61.4143555981118,63.0,-0.0251689587601302
2026-03-18T10:02:12.729693+00:00,9988.HK,Consolidation,1.0,130.19361991119308,133.89999389648438,-0.0276801654536043
2026-03-18T10:02:12.819485+00:00,2018.HK,Consolidation,1.0,31.786368436949328,33.220001220703125,-0.0431557113507972
2026-03-18T10:02:12.905995+00:00,0941.HK,Consolidation,0.6562,78.32783139891495,79.75,-0.0178328351233234
2026-03-18T10:02:12.995820+00:00,1299.HK,Consolidation,1.0,81.99762520285833,84.5,-0.0296139029247534
2026-03-18T10:02:13.091070+00:00,1024.HK,Consolidation,0.6415,58.692022356744815,59.0,-0.0052199600551726
2026-03-18T10:02:13.183653+00:00,0388.HK,Consolidation,1.0,400.0813119709492,403.7999877929688,-0.0092092024131664
2026-03-18T10:02:13.273890+00:00,1211.HK,Consolidation,0.6454,96.5439889281988,102.5999984741211,-0.0590254350486154
2026-03-18T10:02:13.361730+00:00,1109.HK,Consolidation,1.0,29.9574382583031,30.559999465942383,-0.0197173173484773
2026-03-18T10:02:13.449617+00:00,0688.HK,Consolidation,0.6391,12.823594734333632,13.170000076293944,-0.0263026074376297
2026-03-18T10:02:13.539414+00:00,0005.HK,Consolidation,0.6459,121.3375523776665,125.8000030517578,-0.0354725800146072
2026-03-18T10:02:13.630310+00:00,0175.HK,Consolidation,1.0,17.303377981656354,18.5,-0.0646822712618187
2026-03-18T10:03:14.967151+00:00,1810.HK,Consolidation,0.6329,33.228407247410416,34.720001220703125,-0.0429606544023762
2026-03-18T10:03:15.055041+00:00,0688.HK,Consolidation,0.6391,12.823594734333632,13.170000076293944,-0.0263026074376297
2026-03-18T10:03:15.141870+00:00,2269.HK,Consolidation,1.0,33.881607769454774,35.13999938964844,-0.0358108037009346
2026-03-18T10:03:15.236140+00:00,3690.HK,Consolidation,0.6339,75.86237270385027,80.19999694824219,-0.0540850923871137
2026-03-18T10:03:15.332447+00:00,0941.HK,Consolidation,0.6562,78.32783139891495,79.75,-0.0178328351233234
2026-03-18T10:03:15.430131+00:00,0388.HK,Consolidation,1.0,400.0813119709492,403.7999877929688,-0.0092092024131664
2026-03-18T10:03:15.525455+00:00,1024.HK,Consolidation,0.6415,58.692022356744815,59.0,-0.0052199600551726
2026-03-18T10:03:15.615236+00:00,0175.HK,Consolidation,1.0,17.303377981656354,18.5,-0.0646822712618187
2026-03-18T10:03:15.706068+00:00,1299.HK,Consolidation,1.0,81.99762520285833,84.5,-0.0296139029247534
2026-03-18T10:03:15.797789+00:00,0005.HK,Consolidation,0.6459,121.3375523776665,125.8000030517578,-0.0354725800146072
2026-03-18T10:03:15.882676+00:00,1109.HK,Consolidation,1.0,29.9574382583031,30.559999465942383,-0.0197173173484773
2026-03-18T10:03:15.971957+00:00,0939.HK,Consolidation,0.6424,7.723618012309217,8.119999885559082,-0.0488155023197482
2026-03-18T10:03:16.057144+00:00,1211.HK,Consolidation,0.6454,96.5439889281988,102.5999984741211,-0.0590254350486154
2026-03-18T10:03:16.144229+00:00,2318.HK,Consolidation,0.6402,61.4143555981118,63.0,-0.0251689587601302
2026-03-18T10:03:16.233801+00:00,2018.HK,Consolidation,1.0,31.786368436949328,33.220001220703125,-0.0431557113507972
2026-03-18T10:03:16.323579+00:00,0960.HK,Consolidation,0.6341,9.02132061450918,9.239999771118164,-0.0236665759768219
2026-03-18T10:03:16.420966+00:00,9988.HK,Consolidation,1.0,130.19361991119308,133.89999389648438,-0.0276801654536043
2026-03-18T10:03:16.509859+00:00,0700.HK,Consolidation,1.0,543.9230328798294,546.0,-0.0038039690845615
2026-03-18T10:03:16.590934+00:00,2688.HK,Consolidation,0.6422,67.03420828284624,67.3499984741211,-0.004688792849731
2026-03-18T10:04:17.970163+00:00,3690.HK,Consolidation,0.6339,75.86237270385027,80.19999694824219,-0.0540850923871137
2026-03-18T10:04:18.056002+00:00,0939.HK,Consolidation,0.6424,7.723618012309217,8.119999885559082,-0.0488155023197482
2026-03-18T10:04:18.136306+00:00,0960.HK,Consolidation,0.6341,9.02132061450918,9.239999771118164,-0.0236665759768219
2026-03-18T10:04:18.215267+00:00,1109.HK,Consolidation,1.0,29.9574382583031,30.559999465942383,-0.0197173173484773
2026-03-18T10:04:18.293475+00:00,1024.HK,Consolidation,0.6415,58.692022356744815,59.0,-0.0052199600551726
2026-03-18T10:04:18.377531+00:00,2318.HK,Consolidation,0.6402,61.4143555981118,63.0,-0.0251689587601302
2026-03-18T10:04:18.467278+00:00,0700.HK,Consolidation,1.0,543.9230328798294,546.0,-0.0038039690845615
2026-03-18T10:04:18.547752+00:00,9988.HK,Consolidation,1.0,130.19361991119308,133.89999389648438,-0.0276801654536043
2026-03-18T10:04:18.631968+00:00,1810.HK,Consolidation,0.6329,33.228407247410416,34.720001220703125,-0.0429606544023762
2026-03-18T10:04:18.712717+00:00,1299.HK,Consolidation,1.0,81.99762520285833,84.5,-0.0296139029247534
2026-03-18T10:04:18.804763+00:00,0941.HK,Consolidation,0.6562,78.32783139891495,79.75,-0.0178328351233234
2026-03-18T10:04:18.887728+00:00,2269.HK,Consolidation,1.0,33.881607769454774,35.13999938964844,-0.0358108037009346
2026-03-18T10:04:18.966272+00:00,2018.HK,Consolidation,1.0,31.786368436949328,33.220001220703125,-0.0431557113507972
2026-03-18T10:04:19.050747+00:00,0175.HK,Consolidation,1.0,17.303377981656354,18.5,-0.0646822712618187
2026-03-18T10:04:19.132809+00:00,0388.HK,Consolidation,1.0,400.0813119709492,403.7999877929688,-0.0092092024131664
2026-03-18T10:04:19.212640+00:00,1211.HK,Consolidation,0.6454,96.5439889281988,102.5999984741211,-0.0590254350486154
2026-03-18T10:04:19.291668+00:00,2688.HK,Consolidation,0.6422,67.03420828284624,67.3499984741211,-0.004688792849731
2026-03-18T10:04:19.380035+00:00,0005.HK,Consolidation,0.6459,121.3375523776665,125.8000030517578,-0.0354725800146072
2026-03-18T10:04:19.463794+00:00,0688.HK,Consolidation,0.6391,12.823594734333632,13.170000076293944,-0.0263026074376297
2026-03-18T10:05:20.828723+00:00,1810.HK,Consolidation,0.6329,33.228407247410416,34.720001220703125,-0.0429606544023762
2026-03-18T10:05:20.909441+00:00,2269.HK,Consolidation,1.0,33.881607769454774,35.13999938964844,-0.0358108037009346
2026-03-18T10:05:20.994552+00:00,1211.HK,Consolidation,0.6454,96.5439889281988,102.5999984741211,-0.0590254350486154
2026-03-18T10:05:21.084247+00:00,0388.HK,Consolidation,1.0,400.0813119709492,403.7999877929688,-0.0092092024131664
2026-03-18T10:05:21.174457+00:00,0960.HK,Consolidation,0.6341,9.02132061450918,9.239999771118164,-0.0236665759768219
2026-03-18T10:05:21.264472+00:00,3690.HK,Consolidation,0.6339,75.86237270385027,80.19999694824219,-0.0540850923871137
2026-03-18T10:05:21.357877+00:00,0941.HK,Consolidation,0.6562,78.32783139891495,79.75,-0.0178328351233234
2026-03-18T10:05:21.452201+00:00,0005.HK,Consolidation,0.6459,121.3375523776665,125.8000030517578,-0.0354725800146072
2026-03-18T10:05:21.536753+00:00,1299.HK,Consolidation,1.0,81.99762520285833,84.5,-0.0296139029247534
2026-03-18T10:05:21.620912+00:00,2688.HK,Consolidation,0.6422,67.03420828284624,67.3499984741211,-0.004688792849731
2026-03-18T10:05:21.708054+00:00,0175.HK,Consolidation,1.0,17.303377981656354,18.5,-0.0646822712618187
2026-03-18T10:05:21.797043+00:00,9988.HK,Consolidation,1.0,130.19361991119308,133.89999389648438,-0.0276801654536043
2026-03-18T10:05:21.876425+00:00,2018.HK,Consolidation,1.0,31.786368436949328,33.220001220703125,-0.0431557113507972
2026-03-18T10:05:21.968163+00:00,0700.HK,Consolidation,1.0,543.9230328798294,546.0,-0.0038039690845615
2026-03-18T10:05:22.062530+00:00,1024.HK,Consolidation,0.6415,58.692022356744815,59.0,-0.0052199600551726
2026-03-18T10:05:22.144010+00:00,0939.HK,Consolidation,0.6424,7.723618012309217,8.119999885559082,-0.0488155023197482
2026-03-18T10:05:22.229447+00:00,0688.HK,Consolidation,0.6391,12.823594734333632,13.170000076293944,-0.0263026074376297
2026-03-18T10:05:22.310144+00:00,1109.HK,Consolidation,1.0,29.9574382583031,30.559999465942383,-0.0197173173484773
2026-03-18T10:05:22.392847+00:00,2318.HK,Consolidation,0.6402,61.4143555981118,63.0,-0.0251689587601302
2026-03-18T10:06:23.733263+00:00,2018.HK,Consolidation,1.0,31.786368436949328,33.220001220703125,-0.0431557113507972
2026-03-18T10:06:23.819303+00:00,0388.HK,Consolidation,1.0,400.0813119709492,403.7999877929688,-0.0092092024131664
2026-03-18T10:06:23.906848+00:00,2269.HK,Consolidation,1.0,33.881607769454774,35.13999938964844,-0.0358108037009346
2026-03-18T10:06:23.998365+00:00,9988.HK,Consolidation,1.0,130.19361991119308,133.89999389648438,-0.0276801654536043
2026-03-18T10:06:24.087208+00:00,0960.HK,Consolidation,0.6341,9.02132061450918,9.239999771118164,-0.0236665759768219
2026-03-18T10:06:24.175263+00:00,3690.HK,Consolidation,0.6339,75.86237270385027,80.19999694824219,-0.0540850923871137
2026-03-18T10:06:24.262813+00:00,1810.HK,Consolidation,0.6329,33.228407247410416,34.720001220703125,-0.0429606544023762
2026-03-18T10:06:24.348694+00:00,0005.HK,Consolidation,0.6459,121.3375523776665,125.8000030517578,-0.0354725800146072
2026-03-18T10:06:24.436035+00:00,1211.HK,Consolidation,0.6454,96.5439889281988,102.5999984741211,-0.0590254350486154
2026-03-18T10:06:24.526791+00:00,2318.HK,Consolidation,0.6402,61.4143555981118,63.0,-0.0251689587601302
2026-03-18T10:06:24.614814+00:00,0941.HK,Consolidation,0.6562,78.32783139891495,79.75,-0.0178328351233234
2026-03-18T10:06:24.707990+00:00,1299.HK,Consolidation,1.0,81.99762520285833,84.5,-0.0296139029247534
2026-03-18T10:06:24.798445+00:00,1024.HK,Consolidation,0.6415,58.692022356744815,59.0,-0.0052199600551726
2026-03-18T10:06:24.890258+00:00,0688.HK,Consolidation,0.6391,12.823594734333632,13.170000076293944,-0.0263026074376297
2026-03-18T10:06:24.983436+00:00,0175.HK,Consolidation,1.0,17.303377981656354,18.5,-0.0646822712618187
2026-03-18T10:06:25.067325+00:00,0700.HK,Consolidation,1.0,543.9230328798294,546.0,-0.0038039690845615
2026-03-18T10:06:25.150170+00:00,0939.HK,Consolidation,0.6424,7.723618012309217,8.119999885559082,-0.0488155023197482
2026-03-18T10:06:25.241358+00:00,1109.HK,Consolidation,1.0,29.9574382583031,30.559999465942383,-0.0197173173484773
2026-03-18T10:06:25.331851+00:00,2688.HK,Consolidation,0.6422,67.03420828284624,67.3499984741211,-0.004688792849731
2026-03-18T10:07:26.719682+00:00,9988.HK,Consolidation,1.0,130.19361991119308,133.89999389648438,-0.0276801654536043
2026-03-18T10:07:26.805475+00:00,3690.HK,Consolidation,0.6339,75.86237270385027,80.19999694824219,-0.0540850923871137
2026-03-18T10:07:26.887135+00:00,0960.HK,Consolidation,0.6341,9.02132061450918,9.239999771118164,-0.0236665759768219
2026-03-18T10:07:26.977321+00:00,0700.HK,Consolidation,1.0,543.9230328798294,546.0,-0.0038039690845615
2026-03-18T10:07:27.065157+00:00,0388.HK,Consolidation,1.0,400.0813119709492,403.7999877929688,-0.0092092024131664
2026-03-18T10:07:27.155450+00:00,1299.HK,Consolidation,1.0,81.99762520285833,84.5,-0.0296139029247534
2026-03-18T10:07:27.245603+00:00,1109.HK,Consolidation,1.0,29.9574382583031,30.559999465942383,-0.0197173173484773
2026-03-18T10:07:27.330064+00:00,0941.HK,Consolidation,0.6562,78.32783139891495,79.75,-0.0178328351233234
2026-03-18T10:07:27.410446+00:00,1024.HK,Consolidation,0.6415,58.692022356744815,59.0,-0.0052199600551726
2026-03-18T10:07:27.498342+00:00,2318.HK,Consolidation,0.6402,61.4143555981118,63.0,-0.0251689587601302
2026-03-18T10:07:27.582461+00:00,0005.HK,Consolidation,0.6459,121.3375523776665,125.8000030517578,-0.0354725800146072
2026-03-18T10:07:27.667174+00:00,2269.HK,Consolidation,1.0,33.881607769454774,35.13999938964844,-0.0358108037009346
2026-03-18T10:07:27.753943+00:00,2018.HK,Consolidation,1.0,31.786368436949328,33.220001220703125,-0.0431557113507972
2026-03-18T10:07:27.843586+00:00,0175.HK,Consolidation,1.0,17.303377981656354,18.5,-0.0646822712618187
2026-03-18T10:07:27.929108+00:00,0688.HK,Consolidation,0.6391,12.823594734333632,13.170000076293944,-0.0263026074376297
2026-03-18T10:07:28.020450+00:00,1810.HK,Consolidation,0.6329,33.228407247410416,34.720001220703125,-0.0429606544023762
2026-03-18T10:07:28.111578+00:00,2688.HK,Consolidation,0.6422,67.03420828284624,67.3499984741211,-0.004688792849731
2026-03-18T10:07:28.202657+00:00,0939.HK,Consolidation,0.6424,7.723618012309217,8.119999885559082,-0.0488155023197482
2026-03-18T10:07:28.285817+00:00,1211.HK,Consolidation,0.6454,96.5439889281988,102.5999984741211,-0.0590254350486154
2026-03-18T10:08:29.656105+00:00,3690.HK,Consolidation,0.6339,75.86237270385027,80.19999694824219,-0.0540850923871137
2026-03-18T10:08:29.753546+00:00,2269.HK,Consolidation,1.0,33.881607769454774,35.13999938964844,-0.0358108037009346
2026-03-18T10:08:29.842978+00:00,2318.HK,Consolidation,0.6402,61.4143555981118,63.0,-0.0251689587601302
2026-03-18T10:08:29.933428+00:00,0700.HK,Consolidation,1.0,543.9230328798294,546.0,-0.0038039690845615
2026-03-18T10:08:30.025116+00:00,1211.HK,Consolidation,0.6454,96.5439889281988,102.5999984741211,-0.0590254350486154
2026-03-18T10:08:30.118061+00:00,9988.HK,Consolidation,1.0,130.19361991119308,133.89999389648438,-0.0276801654536043
2026-03-18T10:08:30.209612+00:00,0175.HK,Consolidation,1.0,17.303377981656354,18.5,-0.0646822712618187
2026-03-18T10:08:30.295828+00:00,0941.HK,Consolidation,0.6562,78.32783139891495,79.75,-0.0178328351233234
2026-03-18T10:08:30.387626+00:00,0960.HK,Consolidation,0.6341,9.02132061450918,9.239999771118164,-0.0236665759768219
2026-03-18T10:08:30.476341+00:00,2688.HK,Consolidation,0.6422,67.03420828284624,67.3499984741211,-0.004688792849731
2026-03-18T10:08:30.558335+00:00,1024.HK,Consolidation,0.6415,58.692022356744815,59.0,-0.0052199600551726
2026-03-18T10:08:30.641282+00:00,2018.HK,Consolidation,1.0,31.786368436949328,33.220001220703125,-0.0431557113507972
2026-03-18T10:08:30.723871+00:00,0688.HK,Consolidation,0.6391,12.823594734333632,13.170000076293944,-0.0263026074376297
2026-03-18T10:08:30.805707+00:00,1810.HK,Consolidation,0.6329,33.228407247410416,34.720001220703125,-0.0429606544023762
2026-03-18T10:08:30.890842+00:00,0388.HK,Consolidation,1.0,400.0813119709492,403.7999877929688,-0.0092092024131664
2026-03-18T10:08:30.976592+00:00,1299.HK,Consolidation,1.0,81.99762520285833,84.5,-0.0296139029247534
2026-03-18T10:08:31.057151+00:00,1109.HK,Consolidation,1.0,29.9574382583031,30.559999465942383,-0.0197173173484773
2026-03-18T10:08:31.141273+00:00,0939.HK,Consolidation,0.6424,7.723618012309217,8.119999885559082,-0.0488155023197482
2026-03-18T10:08:31.224185+00:00,0005.HK,Consolidation,0.6459,121.3375523776665,125.8000030517578,-0.0354725800146072
2026-03-18T10:09:32.597375+00:00,1810.HK,Consolidation,0.6329,33.228407247410416,34.720001220703125,-0.0429606544023762
2026-03-18T10:09:32.680107+00:00,0688.HK,Consolidation,0.6391,12.823594734333632,13.170000076293944,-0.0263026074376297
2026-03-18T10:09:32.762668+00:00,1299.HK,Consolidation,1.0,81.99762520285833,84.5,-0.0296139029247534
2026-03-18T10:09:32.850000+00:00,2318.HK,Consolidation,0.6402,61.4143555981118,63.0,-0.0251689587601302
2026-03-18T10:09:32.933659+00:00,0960.HK,Consolidation,0.6341,9.02132061450918,9.239999771118164,-0.0236665759768219
2026-03-18T10:09:33.022018+00:00,0388.HK,Consolidation,1.0,400.0813119709492,403.7999877929688,-0.0092092024131664
2026-03-18T10:09:33.112046+00:00,9988.HK,Consolidation,1.0,130.19361991119308,133.89999389648438,-0.0276801654536043
2026-03-18T10:09:33.203252+00:00,1109.HK,Consolidation,1.0,29.9574382583031,30.559999465942383,-0.0197173173484773
2026-03-18T10:09:33.289782+00:00,3690.HK,Consolidation,0.6339,75.86237270385027,80.19999694824219,-0.0540850923871137
2026-03-18T10:09:33.372859+00:00,0700.HK,Consolidation,1.0,543.9230328798294,546.0,-0.0038039690845615
2026-03-18T10:09:33.457383+00:00,2269.HK,Consolidation,1.0,33.881607769454774,35.13999938964844,-0.0358108037009346
2026-03-18T10:09:33.536209+00:00,0005.HK,Consolidation,0.6459,121.3375523776665,125.8000030517578,-0.0354725800146072
2026-03-18T10:09:33.628275+00:00,0939.HK,Consolidation,0.6424,7.723618012309217,8.119999885559082,-0.0488155023197482
2026-03-18T10:09:33.722754+00:00,1024.HK,Consolidation,0.6415,58.692022356744815,59.0,-0.0052199600551726
2026-03-18T10:09:33.813699+00:00,1211.HK,Consolidation,0.6454,96.5439889281988,102.5999984741211,-0.0590254350486154
2026-03-18T10:09:33.899746+00:00,0941.HK,Consolidation,0.6562,78.32783139891495,79.75,-0.0178328351233234
2026-03-18T10:09:33.985157+00:00,2018.HK,Consolidation,1.0,31.786368436949328,33.220001220703125,-0.0431557113507972
2026-03-18T10:09:34.074644+00:00,0175.HK,Consolidation,1.0,17.303377981656354,18.5,-0.0646822712618187
2026-03-18T10:09:34.156894+00:00,2688.HK,Consolidation,0.6422,67.03420828284624,67.3499984741211,-0.004688792849731
2026-03-18T10:10:35.496396+00:00,3690.HK,Consolidation,0.6339,75.86237270385027,80.19999694824219,-0.0540850923871137
2026-03-18T10:10:35.583488+00:00,2688.HK,Consolidation,0.6422,67.03420828284624,67.3499984741211,-0.004688792849731
2026-03-18T10:10:35.675814+00:00,9988.HK,Consolidation,1.0,130.19361991119308,133.89999389648438,-0.0276801654536043
2026-03-18T10:10:35.763888+00:00,0388.HK,Consolidation,1.0,400.0813119709492,403.7999877929688,-0.0092092024131664
2026-03-18T10:10:35.858519+00:00,2318.HK,Consolidation,0.6402,61.4143555981118,63.0,-0.0251689587601302
2026-03-18T10:10:35.945953+00:00,0700.HK,Consolidation,1.0,543.9230328798294,546.0,-0.0038039690845615
2026-03-18T10:10:36.033230+00:00,1024.HK,Consolidation,0.6415,58.692022356744815,59.0,-0.0052199600551726
2026-03-18T10:10:36.119012+00:00,1810.HK,Consolidation,0.6329,33.228407247410416,34.720001220703125,-0.0429606544023762
2026-03-18T10:10:36.208783+00:00,2269.HK,Consolidation,1.0,33.881607769454774,35.13999938964844,-0.0358108037009346
2026-03-18T10:10:36.294093+00:00,0941.HK,Consolidation,0.6562,78.32783139891495,79.75,-0.0178328351233234
2026-03-18T10:10:36.374270+00:00,0960.HK,Consolidation,0.6341,9.02132061450918,9.239999771118164,-0.0236665759768219
2026-03-18T10:10:36.459019+00:00,1299.HK,Consolidation,1.0,81.99762520285833,84.5,-0.0296139029247534
2026-03-18T10:10:36.547974+00:00,2018.HK,Consolidation,1.0,31.786368436949328,33.220001220703125,-0.0431557113507972
2026-03-18T10:10:36.637800+00:00,1211.HK,Consolidation,0.6454,96.5439889281988,102.5999984741211,-0.0590254350486154
2026-03-18T10:10:36.727710+00:00,0005.HK,Consolidation,0.6459,121.3375523776665,125.8000030517578,-0.0354725800146072
2026-03-18T10:10:36.813059+00:00,0175.HK,Consolidation,1.0,17.303377981656354,18.5,-0.0646822712618187
2026-03-18T10:10:36.900158+00:00,0688.HK,Consolidation,0.6391,12.823594734333632,13.170000076293944,-0.0263026074376297
2026-03-18T10:10:36.987513+00:00,1109.HK,Consolidation,1.0,29.9574382583031,30.559999465942383,-0.0197173173484773
2026-03-18T10:10:37.077626+00:00,0939.HK,Consolidation,0.6424,7.723618012309217,8.119999885559082,-0.0488155023197482
2026-03-18T10:11:38.479787+00:00,1810.HK,Consolidation,0.6329,33.228407247410416,34.720001220703125,-0.0429606544023762
2026-03-18T10:11:38.571450+00:00,3690.HK,Consolidation,0.6339,75.86237270385027,80.19999694824219,-0.0540850923871137
2026-03-18T10:11:38.658132+00:00,1109.HK,Consolidation,1.0,29.9574382583031,30.559999465942383,-0.0197173173484773
2026-03-18T10:11:38.751508+00:00,0941.HK,Consolidation,0.6562,78.32783139891495,79.75,-0.0178328351233234
2026-03-18T10:11:38.847172+00:00,2018.HK,Consolidation,1.0,31.786368436949328,33.220001220703125,-0.0431557113507972
2026-03-18T10:11:38.936790+00:00,9988.HK,Consolidation,1.0,130.19361991119308,133.89999389648438,-0.0276801654536043
2026-03-18T10:11:39.021121+00:00,0388.HK,Consolidation,1.0,400.0813119709492,403.7999877929688,-0.0092092024131664
2026-03-18T10:11:39.107663+00:00,1024.HK,Consolidation,0.6415,58.692022356744815,59.0,-0.0052199600551726
2026-03-18T10:11:39.185977+00:00,1211.HK,Consolidation,0.6454,96.5439889281988,102.5999984741211,-0.0590254350486154
2026-03-18T10:11:39.269088+00:00,0005.HK,Consolidation,0.6459,121.3375523776665,125.8000030517578,-0.0354725800146072
2026-03-18T10:11:39.355514+00:00,2318.HK,Consolidation,0.6402,61.4143555981118,63.0,-0.0251689587601302
2026-03-18T10:11:39.441598+00:00,2269.HK,Consolidation,1.0,33.881607769454774,35.13999938964844,-0.0358108037009346
2026-03-18T10:11:39.528798+00:00,0939.HK,Consolidation,0.6424,7.723618012309217,8.119999885559082,-0.0488155023197482
2026-03-18T10:11:39.611178+00:00,1299.HK,Consolidation,1.0,81.99762520285833,84.5,-0.0296139029247534
2026-03-18T10:11:39.700197+00:00,0688.HK,Consolidation,0.6391,12.823594734333632,13.170000076293944,-0.0263026074376297
2026-03-18T10:11:39.790064+00:00,0700.HK,Consolidation,1.0,543.9230328798294,546.0,-0.0038039690845615
2026-03-18T10:11:39.875423+00:00,2688.HK,Consolidation,0.6422,67.03420828284624,67.3499984741211,-0.004688792849731
2026-03-18T10:11:39.958139+00:00,0175.HK,Consolidation,1.0,17.303377981656354,18.5,-0.0646822712618187
2026-03-18T10:11:40.043718+00:00,0960.HK,Consolidation,0.6341,9.02132061450918,9.239999771118164,-0.0236665759768219
2026-03-18T10:12:41.404086+00:00,3690.HK,Consolidation,0.6339,75.86237270385027,80.19999694824219,-0.0540850923871137
2026-03-18T10:12:41.495805+00:00,1299.HK,Consolidation,1.0,81.99762520285833,84.5,-0.0296139029247534
2026-03-18T10:12:41.591247+00:00,9988.HK,Consolidation,1.0,130.19361991119308,133.89999389648438,-0.0276801654536043
2026-03-18T10:12:41.678457+00:00,0700.HK,Consolidation,1.0,543.9230328798294,546.0,-0.0038039690845615
2026-03-18T10:12:41.763176+00:00,0175.HK,Consolidation,1.0,17.303377981656354,18.5,-0.0646822712618187
2026-03-18T10:12:41.846154+00:00,0941.HK,Consolidation,0.6562,78.32783139891495,79.75,-0.0178328351233234
2026-03-18T10:12:41.930013+00:00,1109.HK,Consolidation,1.0,29.9574382583031,30.559999465942383,-0.0197173173484773
2026-03-18T10:12:42.016709+00:00,2018.HK,Consolidation,1.0,31.786368436949328,33.220001220703125,-0.0431557113507972
2026-03-18T10:12:42.110098+00:00,2269.HK,Consolidation,1.0,33.881607769454774,35.13999938964844,-0.0358108037009346
2026-03-18T10:12:42.202003+00:00,0939.HK,Consolidation,0.6424,7.723618012309217,8.119999885559082,-0.0488155023197482
2026-03-18T10:12:42.287606+00:00,1211.HK,Consolidation,0.6454,96.5439889281988,102.5999984741211,-0.0590254350486154
2026-03-18T10:12:42.374143+00:00,0960.HK,Consolidation,0.6341,9.02132061450918,9.239999771118164,-0.0236665759768219
2026-03-18T10:12:42.461724+00:00,0388.HK,Consolidation,1.0,400.0813119709492,403.7999877929688,-0.0092092024131664
2026-03-18T10:12:42.552758+00:00,1024.HK,Consolidation,0.6415,58.692022356744815,59.0,-0.0052199600551726
2026-03-18T10:12:42.642516+00:00,1810.HK,Consolidation,0.6329,33.228407247410416,34.720001220703125,-0.0429606544023762
2026-03-18T10:12:42.731668+00:00,0005.HK,Consolidation,0.6459,121.3375523776665,125.8000030517578,-0.0354725800146072
2026-03-18T10:12:42.816225+00:00,2318.HK,Consolidation,0.6402,61.4143555981118,63.0,-0.0251689587601302
2026-03-18T10:12:42.905077+00:00,0688.HK,Consolidation,0.6391,12.823594734333632,13.170000076293944,-0.0263026074376297
2026-03-18T10:12:42.991016+00:00,2688.HK,Consolidation,0.6422,67.03420828284624,67.3499984741211,-0.004688792849731
2026-03-18T10:13:44.263985+00:00,9988.HK,Consolidation,1.0,130.19361991119308,133.89999389648438,-0.0276801654536043
2026-03-18T10:13:44.353922+00:00,2269.HK,Consolidation,1.0,33.881607769454774,35.13999938964844,-0.0358108037009346
2026-03-18T10:13:44.433877+00:00,1299.HK,Consolidation,1.0,81.99762520285833,84.5,-0.0296139029247534
2026-03-18T10:13:44.514187+00:00,1024.HK,Consolidation,0.6415,58.692022356744815,59.0,-0.0052199600551726
2026-03-18T10:13:44.596614+00:00,3690.HK,Consolidation,0.6339,75.86237270385027,80.19999694824219,-0.0540850923871137
2026-03-18T10:13:44.680286+00:00,0939.HK,Consolidation,0.6424,7.723618012309217,8.119999885559082,-0.0488155023197482
2026-03-18T10:13:44.764328+00:00,1211.HK,Consolidation,0.6454,96.5439889281988,102.5999984741211,-0.0590254350486154
2026-03-18T10:13:44.842252+00:00,0175.HK,Consolidation,1.0,17.303377981656354,18.5,-0.0646822712618187
2026-03-18T10:13:44.928929+00:00,0960.HK,Consolidation,0.6341,9.02132061450918,9.239999771118164,-0.0236665759768219
2026-03-18T10:13:45.012593+00:00,0688.HK,Consolidation,0.6391,12.823594734333632,13.170000076293944,-0.0263026074376297
2026-03-18T10:13:45.104288+00:00,1810.HK,Consolidation,0.6329,33.228407247410416,34.720001220703125,-0.0429606544023762
2026-03-18T10:13:45.189226+00:00,2018.HK,Consolidation,1.0,31.786368436949328,33.220001220703125,-0.0431557113507972
2026-03-18T10:13:45.271414+00:00,2318.HK,Consolidation,0.6402,61.4143555981118,63.0,-0.0251689587601302
2026-03-18T10:13:45.357523+00:00,0005.HK,Consolidation,0.6459,121.3375523776665,125.8000030517578,-0.0354725800146072
2026-03-18T10:13:45.444980+00:00,1109.HK,Consolidation,1.0,29.9574382583031,30.559999465942383,-0.0197173173484773
2026-03-18T10:13:45.532367+00:00,0388.HK,Consolidation,1.0,400.0813119709492,403.7999877929688,-0.0092092024131664
2026-03-18T10:13:45.621149+00:00,0941.HK,Consolidation,0.6562,78.32783139891495,79.75,-0.0178328351233234
2026-03-18T10:13:45.713146+00:00,0700.HK,Consolidation,1.0,543.9230328798294,546.0,-0.0038039690845615
2026-03-18T10:13:45.799336+00:00,2688.HK,Consolidation,0.6422,67.03420828284624,67.3499984741211,-0.004688792849731
2026-03-18T10:14:47.139823+00:00,0700.HK,Consolidation,1.0,543.9230328798294,546.0,-0.0038039690845615
2026-03-18T10:14:47.228607+00:00,2018.HK,Consolidation,1.0,31.786368436949328,33.220001220703125,-0.0431557113507972
2026-03-18T10:14:47.313038+00:00,9988.HK,Consolidation,1.0,130.19361991119308,133.89999389648438,-0.0276801654536043
2026-03-18T10:14:47.396519+00:00,0941.HK,Consolidation,0.6562,78.32783139891495,79.75,-0.0178328351233234
2026-03-18T10:14:47.479775+00:00,0005.HK,Consolidation,0.6459,121.3375523776665,125.8000030517578,-0.0354725800146072
2026-03-18T10:14:47.563579+00:00,0960.HK,Consolidation,0.6341,9.02132061450918,9.239999771118164,-0.0236665759768219
2026-03-18T10:14:47.644567+00:00,2318.HK,Consolidation,0.6402,61.4143555981118,63.0,-0.0251689587601302
2026-03-18T10:14:47.724143+00:00,1810.HK,Consolidation,0.6329,33.228407247410416,34.720001220703125,-0.0429606544023762
2026-03-18T10:14:47.807686+00:00,0939.HK,Consolidation,0.6424,7.723618012309217,8.119999885559082,-0.0488155023197482
2026-03-18T10:14:47.887528+00:00,0388.HK,Consolidation,1.0,400.0813119709492,403.7999877929688,-0.0092092024131664
2026-03-18T10:14:47.968716+00:00,2269.HK,Consolidation,1.0,33.881607769454774,35.13999938964844,-0.0358108037009346
2026-03-18T10:14:48.054181+00:00,1299.HK,Consolidation,1.0,81.99762520285833,84.5,-0.0296139029247534
2026-03-18T10:14:48.143640+00:00,3690.HK,Consolidation,0.6339,75.86237270385027,80.19999694824219,-0.0540850923871137
2026-03-18T10:14:48.232590+00:00,1024.HK,Consolidation,0.6415,58.692022356744815,59.0,-0.0052199600551726
2026-03-18T10:14:48.314805+00:00,0688.HK,Consolidation,0.6391,12.823594734333632,13.170000076293944,-0.0263026074376297
2026-03-18T10:14:48.397335+00:00,2688.HK,Consolidation,0.6422,67.03420828284624,67.3499984741211,-0.004688792849731
2026-03-18T10:14:48.476872+00:00,1109.HK,Consolidation,1.0,29.9574382583031,30.559999465942383,-0.0197173173484773
2026-03-18T10:14:48.584408+00:00,0175.HK,Consolidation,1.0,17.303377981656354,18.5,-0.0646822712618187
2026-03-18T10:14:48.665075+00:00,1211.HK,Consolidation,0.6454,96.5439889281988,102.5999984741211,-0.0590254350486154
2026-03-18T10:15:50.059332+00:00,9988.HK,Consolidation,1.0,130.19361991119308,133.89999389648438,-0.0276801654536043
2026-03-18T10:15:50.148397+00:00,3690.HK,Consolidation,0.6339,75.86237270385027,80.19999694824219,-0.0540850923871137
2026-03-18T10:15:50.230076+00:00,2688.HK,Consolidation,0.6422,67.03420828284624,67.3499984741211,-0.004688792849731
2026-03-18T10:15:50.314170+00:00,0688.HK,Consolidation,0.6391,12.823594734333632,13.170000076293944,-0.0263026074376297
2026-03-18T10:15:50.403470+00:00,1299.HK,Consolidation,1.0,81.99762520285833,84.5,-0.0296139029247534
2026-03-18T10:15:50.494280+00:00,0941.HK,Consolidation,0.6562,78.32783139891495,79.75,-0.0178328351233234
2026-03-18T10:15:50.582372+00:00,0700.HK,Consolidation,1.0,543.9230328798294,546.0,-0.0038039690845615
2026-03-18T10:15:50.670226+00:00,0939.HK,Consolidation,0.6424,7.723618012309217,8.119999885559082,-0.0488155023197482
2026-03-18T10:15:50.758259+00:00,2018.HK,Consolidation,1.0,31.786368436949328,33.220001220703125,-0.0431557113507972
2026-03-18T10:15:50.849276+00:00,2269.HK,Consolidation,1.0,33.881607769454774,35.13999938964844,-0.0358108037009346
2026-03-18T10:15:50.945452+00:00,0960.HK,Consolidation,0.6341,9.02132061450918,9.239999771118164,-0.0236665759768219
2026-03-18T10:15:51.037048+00:00,1024.HK,Consolidation,0.6415,58.692022356744815,59.0,-0.0052199600551726
2026-03-18T10:15:51.124133+00:00,1109.HK,Consolidation,1.0,29.9574382583031,30.559999465942383,-0.0197173173484773
2026-03-18T10:15:51.206298+00:00,0388.HK,Consolidation,1.0,400.0813119709492,403.7999877929688,-0.0092092024131664
2026-03-18T10:15:51.294148+00:00,1810.HK,Consolidation,0.6329,33.228407247410416,34.720001220703125,-0.0429606544023762
2026-03-18T10:15:51.385054+00:00,0005.HK,Consolidation,0.6459,121.3375523776665,125.8000030517578,-0.0354725800146072
2026-03-18T10:15:51.470042+00:00,0175.HK,Consolidation,1.0,17.303377981656354,18.5,-0.0646822712618187
2026-03-18T10:15:51.554185+00:00,2318.HK,Consolidation,0.6402,61.4143555981118,63.0,-0.0251689587601302
2026-03-18T10:15:51.638106+00:00,1211.HK,Consolidation,0.6454,96.5439889281988,102.5999984741211,-0.0590254350486154
2026-03-18T10:16:53.021291+00:00,0941.HK,Consolidation,0.6562,78.32783139891495,79.75,-0.0178328351233234
2026-03-18T10:16:53.105968+00:00,1299.HK,Consolidation,1.0,81.99762520285833,84.5,-0.0296139029247534
2026-03-18T10:16:53.192556+00:00,0005.HK,Consolidation,0.6459,121.3375523776665,125.8000030517578,-0.0354725800146072
2026-03-18T10:16:53.277255+00:00,0388.HK,Consolidation,1.0,400.0813119709492,403.7999877929688,-0.0092092024131664
2026-03-18T10:16:53.368436+00:00,3690.HK,Consolidation,0.6339,75.86237270385027,80.19999694824219,-0.0540850923871137
2026-03-18T10:16:53.457259+00:00,2688.HK,Consolidation,0.6422,67.03420828284624,67.3499984741211,-0.004688792849731
2026-03-18T10:16:53.540784+00:00,1024.HK,Consolidation,0.6415,58.692022356744815,59.0,-0.0052199600551726
2026-03-18T10:16:53.625652+00:00,2269.HK,Consolidation,1.0,33.881607769454774,35.13999938964844,-0.0358108037009346
2026-03-18T10:16:53.703649+00:00,1810.HK,Consolidation,0.6329,33.228407247410416,34.720001220703125,-0.0429606544023762
2026-03-18T10:16:53.790324+00:00,2318.HK,Consolidation,0.6402,61.4143555981118,63.0,-0.0251689587601302
2026-03-18T10:16:53.881646+00:00,9988.HK,Consolidation,1.0,130.19361991119308,133.89999389648438,-0.0276801654536043
2026-03-18T10:16:53.972249+00:00,1109.HK,Consolidation,1.0,29.9574382583031,30.559999465942383,-0.0197173173484773
2026-03-18T10:16:54.065568+00:00,0175.HK,Consolidation,1.0,17.303377981656354,18.5,-0.0646822712618187
2026-03-18T10:16:54.167123+00:00,0700.HK,Consolidation,1.0,543.9230328798294,546.0,-0.0038039690845615
2026-03-18T10:16:54.253167+00:00,2018.HK,Consolidation,1.0,31.786368436949328,33.220001220703125,-0.0431557113507972
2026-03-18T10:16:54.337920+00:00,0939.HK,Consolidation,0.6424,7.723618012309217,8.119999885559082,-0.0488155023197482
2026-03-18T10:16:54.419216+00:00,1211.HK,Consolidation,0.6454,96.5439889281988,102.5999984741211,-0.0590254350486154
2026-03-18T10:16:54.497872+00:00,0960.HK,Consolidation,0.6341,9.02132061450918,9.239999771118164,-0.0236665759768219
2026-03-18T10:16:54.585868+00:00,0688.HK,Consolidation,0.6391,12.823594734333632,13.170000076293944,-0.0263026074376297
2026-03-18T10:17:55.901827+00:00,9988.HK,Consolidation,1.0,130.19361991119308,133.89999389648438,-0.0276801654536043
2026-03-18T10:17:55.981202+00:00,0700.HK,Consolidation,1.0,543.9230328798294,546.0,-0.0038039690845615
2026-03-18T10:17:56.067099+00:00,0175.HK,Consolidation,1.0,17.303377981656354,18.5,-0.0646822712618187
2026-03-18T10:17:56.151329+00:00,3690.HK,Consolidation,0.6339,75.86237270385027,80.19999694824219,-0.0540850923871137
2026-03-18T10:17:56.259744+00:00,1810.HK,Consolidation,0.6329,33.228407247410416,34.720001220703125,-0.0429606544023762
2026-03-18T10:17:56.353322+00:00,0941.HK,Consolidation,0.6562,78.32783139891495,79.75,-0.0178328351233234
2026-03-18T10:17:56.445905+00:00,1211.HK,Consolidation,0.6454,96.5439889281988,102.5999984741211,-0.0590254350486154
2026-03-18T10:17:56.542041+00:00,2269.HK,Consolidation,1.0,33.881607769454774,35.13999938964844,-0.0358108037009346
2026-03-18T10:17:56.629993+00:00,0005.HK,Consolidation,0.6459,121.3375523776665,125.8000030517578,-0.0354725800146072
2026-03-18T10:17:56.714988+00:00,1024.HK,Consolidation,0.6415,58.692022356744815,59.0,-0.0052199600551726
2026-03-18T10:17:56.796842+00:00,1109.HK,Consolidation,1.0,29.9574382583031,30.559999465942383,-0.0197173173484773
2026-03-18T10:17:56.877587+00:00,0388.HK,Consolidation,1.0,400.0813119709492,403.7999877929688,-0.0092092024131664
2026-03-18T10:17:56.955782+00:00,2018.HK,Consolidation,1.0,31.786368436949328,33.220001220703125,-0.0431557113507972
2026-03-18T10:17:57.031708+00:00,0960.HK,Consolidation,0.6341,9.02132061450918,9.239999771118164,-0.0236665759768219
2026-03-18T10:17:57.112416+00:00,2688.HK,Consolidation,0.6422,67.03420828284624,67.3499984741211,-0.004688792849731
2026-03-18T10:17:57.199778+00:00,1299.HK,Consolidation,1.0,81.99762520285833,84.5,-0.0296139029247534
2026-03-18T10:17:57.287065+00:00,0688.HK,Consolidation,0.6391,12.823594734333632,13.170000076293944,-0.0263026074376297
2026-03-18T10:17:57.369543+00:00,0939.HK,Consolidation,0.6424,7.723618012309217,8.119999885559082,-0.0488155023197482
2026-03-18T10:17:57.456555+00:00,2318.HK,Consolidation,0.6402,61.4143555981118,63.0,-0.0251689587601302
2026-03-18T10:18:58.839550+00:00,0941.HK,Consolidation,0.6562,78.32783139891495,79.75,-0.0178328351233234
2026-03-18T10:18:58.934861+00:00,9988.HK,Consolidation,1.0,130.19361991119308,133.89999389648438,-0.0276801654536043
2026-03-18T10:18:59.022690+00:00,1810.HK,Consolidation,0.6329,33.228407247410416,34.720001220703125,-0.0429606544023762
2026-03-18T10:18:59.112276+00:00,0700.HK,Consolidation,1.0,543.9230328798294,546.0,-0.0038039690845615
2026-03-18T10:18:59.196390+00:00,1299.HK,Consolidation,1.0,81.99762520285833,84.5,-0.0296139029247534
2026-03-18T10:18:59.281429+00:00,0175.HK,Consolidation,1.0,17.303377981656354,18.5,-0.0646822712618187
2026-03-18T10:18:59.373196+00:00,2318.HK,Consolidation,0.6402,61.4143555981118,63.0,-0.0251689587601302
2026-03-18T10:18:59.460992+00:00,0005.HK,Consolidation,0.6459,121.3375523776665,125.8000030517578,-0.0354725800146072
2026-03-18T10:18:59.538201+00:00,0960.HK,Consolidation,0.6341,9.02132061450918,9.239999771118164,-0.0236665759768219
2026-03-18T10:18:59.619664+00:00,1024.HK,Consolidation,0.6415,58.692022356744815,59.0,-0.0052199600551726
2026-03-18T10:18:59.707576+00:00,0688.HK,Consolidation,0.6391,12.823594734333632,13.170000076293944,-0.0263026074376297
2026-03-18T10:18:59.792789+00:00,2688.HK,Consolidation,0.6422,67.03420828284624,67.3499984741211,-0.004688792849731
2026-03-18T10:18:59.878818+00:00,0939.HK,Consolidation,0.6424,7.723618012309217,8.119999885559082,-0.0488155023197482
2026-03-18T10:18:59.967307+00:00,1109.HK,Consolidation,1.0,29.9574382583031,30.559999465942383,-0.0197173173484773
2026-03-18T10:19:00.048017+00:00,3690.HK,Consolidation,0.6339,75.86237270385027,80.19999694824219,-0.0540850923871137
2026-03-18T10:19:00.129431+00:00,2269.HK,Consolidation,1.0,33.881607769454774,35.13999938964844,-0.0358108037009346
2026-03-18T10:19:00.213424+00:00,0388.HK,Consolidation,1.0,400.0813119709492,403.7999877929688,-0.0092092024131664
2026-03-18T10:19:00.296421+00:00,1211.HK,Consolidation,0.6454,96.5439889281988,102.5999984741211,-0.0590254350486154
2026-03-18T10:19:00.378243+00:00,2018.HK,Consolidation,1.0,31.786368436949328,33.220001220703125,-0.0431557113507972
2026-03-18T10:20:01.713572+00:00,3690.HK,Consolidation,0.6339,75.86237270385027,80.19999694824219,-0.0540850923871137
2026-03-18T10:20:01.804768+00:00,9988.HK,Consolidation,1.0,130.19361991119308,133.89999389648438,-0.0276801654536043
2026-03-18T10:20:01.890855+00:00,0960.HK,Consolidation,0.6341,9.02132061450918,9.239999771118164,-0.0236665759768219
2026-03-18T10:20:01.978906+00:00,0939.HK,Consolidation,0.6424,7.723618012309217,8.119999885559082,-0.0488155023197482
2026-03-18T10:20:02.060537+00:00,1024.HK,Consolidation,0.6415,58.692022356744815,59.0,-0.0052199600551726
2026-03-18T10:20:02.147350+00:00,2688.HK,Consolidation,0.6422,67.03420828284624,67.3499984741211,-0.004688792849731
2026-03-18T10:20:02.230852+00:00,2269.HK,Consolidation,1.0,33.881607769454774,35.13999938964844,-0.0358108037009346
2026-03-18T10:20:02.322269+00:00,1299.HK,Consolidation,1.0,81.99762520285833,84.5,-0.0296139029247534
2026-03-18T10:20:02.412094+00:00,1810.HK,Consolidation,0.6329,33.228407247410416,34.720001220703125,-0.0429606544023762
2026-03-18T10:20:02.499073+00:00,0005.HK,Consolidation,0.6459,121.3375523776665,125.8000030517578,-0.0354725800146072
2026-03-18T10:20:02.581913+00:00,0700.HK,Consolidation,1.0,543.9230328798294,546.0,-0.0038039690845615
2026-03-18T10:20:02.668528+00:00,1211.HK,Consolidation,0.6454,96.5439889281988,102.5999984741211,-0.0590254350486154
2026-03-18T10:20:02.751519+00:00,0688.HK,Consolidation,0.6391,12.823594734333632,13.170000076293944,-0.0263026074376297
2026-03-18T10:20:02.835197+00:00,0388.HK,Consolidation,1.0,400.0813119709492,403.7999877929688,-0.0092092024131664
2026-03-18T10:20:02.916369+00:00,2018.HK,Consolidation,1.0,31.786368436949328,33.220001220703125,-0.0431557113507972
2026-03-18T10:20:03.002352+00:00,0175.HK,Consolidation,1.0,17.303377981656354,18.5,-0.0646822712618187
2026-03-18T10:20:03.092751+00:00,2318.HK,Consolidation,0.6402,61.4143555981118,63.0,-0.0251689587601302
2026-03-18T10:20:03.185531+00:00,1109.HK,Consolidation,1.0,29.9574382583031,30.559999465942383,-0.0197173173484773
2026-03-18T10:20:03.271784+00:00,0941.HK,Consolidation,0.6562,78.32783139891495,79.75,-0.0178328351233234
2026-03-18T10:21:04.595494+00:00,2269.HK,Consolidation,1.0,33.881607769454774,35.13999938964844,-0.0358108037009346
2026-03-18T10:21:04.681758+00:00,1109.HK,Consolidation,1.0,29.9574382583031,30.559999465942383,-0.0197173173484773
2026-03-18T10:21:04.767553+00:00,2318.HK,Consolidation,0.6402,61.4143555981118,63.0,-0.0251689587601302
2026-03-18T10:21:04.848907+00:00,0388.HK,Consolidation,1.0,400.0813119709492,403.7999877929688,-0.0092092024131664
2026-03-18T10:21:04.933274+00:00,3690.HK,Consolidation,0.6339,75.86237270385027,80.19999694824219,-0.0540850923871137
2026-03-18T10:21:05.017308+00:00,0005.HK,Consolidation,0.6459,121.3375523776665,125.8000030517578,-0.0354725800146072
2026-03-18T10:21:05.102168+00:00,0939.HK,Consolidation,0.6424,7.723618012309217,8.119999885559082,-0.0488155023197482
2026-03-18T10:21:05.187109+00:00,0688.HK,Consolidation,0.6391,12.823594734333632,13.170000076293944,-0.0263026074376297
2026-03-18T10:21:05.268611+00:00,0941.HK,Consolidation,0.6562,78.32783139891495,79.75,-0.0178328351233234
2026-03-18T10:21:05.347513+00:00,1299.HK,Consolidation,1.0,81.99762520285833,84.5,-0.0296139029247534
2026-03-18T10:21:05.431893+00:00,1810.HK,Consolidation,0.6329,33.228407247410416,34.720001220703125,-0.0429606544023762
2026-03-18T10:21:05.518418+00:00,2018.HK,Consolidation,1.0,31.786368436949328,33.220001220703125,-0.0431557113507972
2026-03-18T10:21:05.608954+00:00,0700.HK,Consolidation,1.0,543.9230328798294,546.0,-0.0038039690845615
2026-03-18T10:21:05.691830+00:00,1211.HK,Consolidation,0.6454,96.5439889281988,102.5999984741211,-0.0590254350486154
2026-03-18T10:21:05.771217+00:00,1024.HK,Consolidation,0.6415,58.692022356744815,59.0,-0.0052199600551726
2026-03-18T10:21:05.854172+00:00,0175.HK,Consolidation,1.0,17.303377981656354,18.5,-0.0646822712618187
2026-03-18T10:21:05.942024+00:00,0960.HK,Consolidation,0.6341,9.02132061450918,9.239999771118164,-0.0236665759768219
2026-03-18T10:21:06.029769+00:00,2688.HK,Consolidation,0.6422,67.03420828284624,67.3499984741211,-0.004688792849731
2026-03-18T10:21:06.112018+00:00,9988.HK,Consolidation,1.0,130.19361991119308,133.89999389648438,-0.0276801654536043
2026-03-18T10:22:07.469592+00:00,0939.HK,Consolidation,0.6424,7.723618012309217,8.119999885559082,-0.0488155023197482
2026-03-18T10:22:07.554423+00:00,3690.HK,Consolidation,0.6339,75.86237270385027,80.19999694824219,-0.0540850923871137
2026-03-18T10:22:07.648978+00:00,0700.HK,Consolidation,1.0,543.9230328798294,546.0,-0.0038039690845615
2026-03-18T10:22:07.744772+00:00,0688.HK,Consolidation,0.6391,12.823594734333632,13.170000076293944,-0.0263026074376297
2026-03-18T10:22:07.834693+00:00,2269.HK,Consolidation,1.0,33.881607769454774,35.13999938964844,-0.0358108037009346
2026-03-18T10:22:07.919904+00:00,0005.HK,Consolidation,0.6459,121.3375523776665,125.8000030517578,-0.0354725800146072
2026-03-18T10:22:08.001042+00:00,0960.HK,Consolidation,0.6341,9.02132061450918,9.239999771118164,-0.0236665759768219
2026-03-18T10:22:08.095497+00:00,1810.HK,Consolidation,0.6329,33.228407247410416,34.720001220703125,-0.0429606544023762
2026-03-18T10:22:08.181431+00:00,1024.HK,Consolidation,0.6415,58.692022356744815,59.0,-0.0052199600551726
2026-03-18T10:22:08.262827+00:00,2018.HK,Consolidation,1.0,31.786368436949328,33.220001220703125,-0.0431557113507972
2026-03-18T10:22:08.345245+00:00,9988.HK,Consolidation,1.0,130.19361991119308,133.89999389648438,-0.0276801654536043
2026-03-18T10:22:08.431449+00:00,1109.HK,Consolidation,1.0,29.9574382583031,30.559999465942383,-0.0197173173484773
2026-03-18T10:22:08.515569+00:00,2318.HK,Consolidation,0.6402,61.4143555981118,63.0,-0.0251689587601302
2026-03-18T10:22:08.601765+00:00,0388.HK,Consolidation,1.0,400.0813119709492,403.7999877929688,-0.0092092024131664
2026-03-18T10:22:08.684956+00:00,1299.HK,Consolidation,1.0,81.99762520285833,84.5,-0.0296139029247534
2026-03-18T10:22:08.765033+00:00,1211.HK,Consolidation,0.6454,96.5439889281988,102.5999984741211,-0.0590254350486154
2026-03-18T10:22:08.849341+00:00,0941.HK,Consolidation,0.6562,78.32783139891495,79.75,-0.0178328351233234
2026-03-18T10:22:08.929081+00:00,2688.HK,Consolidation,0.6422,67.03420828284624,67.3499984741211,-0.004688792849731
2026-03-18T10:22:09.016359+00:00,0175.HK,Consolidation,1.0,17.303377981656354,18.5,-0.0646822712618187
2026-03-18T10:23:10.316106+00:00,1024.HK,Consolidation,0.6415,58.692022356744815,59.0,-0.0052199600551726
2026-03-18T10:23:10.400316+00:00,0700.HK,Consolidation,1.0,543.9230328798294,546.0,-0.0038039690845615
2026-03-18T10:23:10.481408+00:00,3690.HK,Consolidation,0.6339,75.86237270385027,80.19999694824219,-0.0540850923871137
2026-03-18T10:23:10.568400+00:00,1211.HK,Consolidation,0.6454,96.5439889281988,102.5999984741211,-0.0590254350486154
2026-03-18T10:23:10.663345+00:00,2688.HK,Consolidation,0.6422,67.03420828284624,67.3499984741211,-0.004688792849731
2026-03-18T10:23:10.753333+00:00,9988.HK,Consolidation,1.0,130.19361991119308,133.89999389648438,-0.0276801654536043
2026-03-18T10:23:10.843710+00:00,0175.HK,Consolidation,1.0,17.303377981656354,18.5,-0.0646822712618187
2026-03-18T10:23:10.930751+00:00,2269.HK,Consolidation,1.0,33.881607769454774,35.13999938964844,-0.0358108037009346
2026-03-18T10:23:11.015716+00:00,0941.HK,Consolidation,0.6562,78.32783139891495,79.75,-0.0178328351233234
2026-03-18T10:23:11.099111+00:00,0960.HK,Consolidation,0.6341,9.02132061450918,9.239999771118164,-0.0236665759768219
2026-03-18T10:23:11.178444+00:00,1810.HK,Consolidation,0.6329,33.228407247410416,34.720001220703125,-0.0429606544023762
2026-03-18T10:23:11.263853+00:00,0939.HK,Consolidation,0.6424,7.723618012309217,8.119999885559082,-0.0488155023197482
2026-03-18T10:23:11.355949+00:00,0388.HK,Consolidation,1.0,400.0813119709492,403.7999877929688,-0.0092092024131664
2026-03-18T10:23:11.443973+00:00,1109.HK,Consolidation,1.0,29.9574382583031,30.559999465942383,-0.0197173173484773
2026-03-18T10:23:11.535477+00:00,1299.HK,Consolidation,1.0,81.99762520285833,84.5,-0.0296139029247534
2026-03-18T10:23:11.626911+00:00,0688.HK,Consolidation,0.6391,12.823594734333632,13.170000076293944,-0.0263026074376297
2026-03-18T10:23:11.720157+00:00,2018.HK,Consolidation,1.0,31.786368436949328,33.220001220703125,-0.0431557113507972
2026-03-18T10:23:11.811459+00:00,2318.HK,Consolidation,0.6402,61.4143555981118,63.0,-0.0251689587601302
2026-03-18T10:23:11.902394+00:00,0005.HK,Consolidation,0.6459,121.3375523776665,125.8000030517578,-0.0354725800146072
2026-03-18T10:24:13.228635+00:00,2269.HK,Consolidation,1.0,33.881607769454774,35.13999938964844,-0.0358108037009346
2026-03-18T10:24:13.318080+00:00,1024.HK,Consolidation,0.6415,58.692022356744815,59.0,-0.0052199600551726
2026-03-18T10:24:13.424706+00:00,0005.HK,Consolidation,0.6459,121.3375523776665,125.8000030517578,-0.0354725800146072
2026-03-18T10:24:13.503513+00:00,0688.HK,Consolidation,0.6391,12.823594734333632,13.170000076293944,-0.0263026074376297
2026-03-18T10:24:13.590170+00:00,1109.HK,Consolidation,1.0,29.9574382583031,30.559999465942383,-0.0197173173484773
2026-03-18T10:24:13.674019+00:00,0175.HK,Consolidation,1.0,17.303377981656354,18.5,-0.0646822712618187
2026-03-18T10:24:13.763328+00:00,2688.HK,Consolidation,0.6422,67.03420828284624,67.3499984741211,-0.004688792849731
2026-03-18T10:24:13.851296+00:00,2018.HK,Consolidation,1.0,31.786368436949328,33.220001220703125,-0.0431557113507972
2026-03-18T10:24:13.942183+00:00,9988.HK,Consolidation,1.0,130.19361991119308,133.89999389648438,-0.0276801654536043
2026-03-18T10:24:14.029437+00:00,1211.HK,Consolidation,0.6454,96.5439889281988,102.5999984741211,-0.0590254350486154
2026-03-18T10:24:14.114327+00:00,0939.HK,Consolidation,0.6424,7.723618012309217,8.119999885559082,-0.0488155023197482
2026-03-18T10:24:14.198821+00:00,0388.HK,Consolidation,1.0,400.0813119709492,403.7999877929688,-0.0092092024131664
2026-03-18T10:24:14.289195+00:00,0700.HK,Consolidation,1.0,543.9230328798294,546.0,-0.0038039690845615
2026-03-18T10:24:14.377661+00:00,3690.HK,Consolidation,0.6339,75.86237270385027,80.19999694824219,-0.0540850923871137
2026-03-18T10:24:14.460236+00:00,1810.HK,Consolidation,0.6329,33.228407247410416,34.720001220703125,-0.0429606544023762
2026-03-18T10:24:14.544396+00:00,1299.HK,Consolidation,1.0,81.99762520285833,84.5,-0.0296139029247534
2026-03-18T10:24:14.627643+00:00,2318.HK,Consolidation,0.6402,61.4143555981118,63.0,-0.0251689587601302
2026-03-18T10:24:14.716157+00:00,0941.HK,Consolidation,0.6562,78.32783139891495,79.75,-0.0178328351233234
2026-03-18T10:24:14.801935+00:00,0960.HK,Consolidation,0.6341,9.02132061450918,9.239999771118164,-0.0236665759768219
2026-03-18T10:25:16.204488+00:00,3690.HK,Consolidation,0.6339,75.86237270385027,80.19999694824219,-0.0540850923871137
2026-03-18T10:25:16.292055+00:00,2318.HK,Consolidation,0.6402,61.4143555981118,63.0,-0.0251689587601302
2026-03-18T10:25:16.378686+00:00,1211.HK,Consolidation,0.6454,96.5439889281988,102.5999984741211,-0.0590254350486154
2026-03-18T10:25:16.466404+00:00,9988.HK,Consolidation,1.0,130.19361991119308,133.89999389648438,-0.0276801654536043
2026-03-18T10:25:16.552136+00:00,0388.HK,Consolidation,1.0,400.0813119709492,403.7999877929688,-0.0092092024131664
2026-03-18T10:25:16.641343+00:00,1810.HK,Consolidation,0.6329,33.228407247410416,34.720001220703125,-0.0429606544023762
2026-03-18T10:25:16.720976+00:00,1024.HK,Consolidation,0.6415,58.692022356744815,59.0,-0.0052199600551726
2026-03-18T10:25:16.806526+00:00,1109.HK,Consolidation,1.0,29.9574382583031,30.559999465942383,-0.0197173173484773
2026-03-18T10:25:16.892237+00:00,0939.HK,Consolidation,0.6424,7.723618012309217,8.119999885559082,-0.0488155023197482
2026-03-18T10:25:16.973535+00:00,2269.HK,Consolidation,1.0,33.881607769454774,35.13999938964844,-0.0358108037009346
2026-03-18T10:25:17.064345+00:00,2018.HK,Consolidation,1.0,31.786368436949328,33.220001220703125,-0.0431557113507972
2026-03-18T10:25:17.147140+00:00,0005.HK,Consolidation,0.6459,121.3375523776665,125.8000030517578,-0.0354725800146072
2026-03-18T10:25:17.230427+00:00,0688.HK,Consolidation,0.6391,12.823594734333632,13.170000076293944,-0.0263026074376297
2026-03-18T10:25:17.313325+00:00,0175.HK,Consolidation,1.0,17.303377981656354,18.5,-0.0646822712618187
2026-03-18T10:25:17.402213+00:00,0960.HK,Consolidation,0.6341,9.02132061450918,9.239999771118164,-0.0236665759768219
2026-03-18T10:25:17.489859+00:00,0941.HK,Consolidation,0.6562,78.32783139891495,79.75,-0.0178328351233234
2026-03-18T10:25:17.571171+00:00,2688.HK,Consolidation,0.6422,67.03420828284624,67.3499984741211,-0.004688792849731
2026-03-18T10:25:17.655628+00:00,0700.HK,Consolidation,1.0,543.9230328798294,546.0,-0.0038039690845615
2026-03-18T10:25:17.744419+00:00,1299.HK,Consolidation,1.0,81.99762520285833,84.5,-0.0296139029247534
2026-03-18T10:26:19.093963+00:00,0388.HK,Consolidation,1.0,400.0813119709492,403.7999877929688,-0.0092092024131664
2026-03-18T10:26:19.183153+00:00,0700.HK,Consolidation,1.0,543.9230328798294,546.0,-0.0038039690845615
2026-03-18T10:26:19.271871+00:00,2269.HK,Consolidation,1.0,33.881607769454774,35.13999938964844,-0.0358108037009346
2026-03-18T10:26:19.358224+00:00,0941.HK,Consolidation,0.6562,78.32783139891495,79.75,-0.0178328351233234
2026-03-18T10:26:19.446192+00:00,0005.HK,Consolidation,0.6459,121.3375523776665,125.8000030517578,-0.0354725800146072
2026-03-18T10:26:19.532863+00:00,0175.HK,Consolidation,1.0,17.303377981656354,18.5,-0.0646822712618187
2026-03-18T10:26:19.616711+00:00,9988.HK,Consolidation,1.0,130.19361991119308,133.89999389648438,-0.0276801654536043
2026-03-18T10:26:19.705049+00:00,0960.HK,Consolidation,0.6341,9.02132061450918,9.239999771118164,-0.0236665759768219
2026-03-18T10:26:19.796965+00:00,3690.HK,Consolidation,0.6339,75.86237270385027,80.19999694824219,-0.0540850923871137
2026-03-18T10:26:19.886818+00:00,1299.HK,Consolidation,1.0,81.99762520285833,84.5,-0.0296139029247534
2026-03-18T10:26:19.975456+00:00,0939.HK,Consolidation,0.6424,7.723618012309217,8.119999885559082,-0.0488155023197482
2026-03-18T10:26:20.083140+00:00,2688.HK,Consolidation,0.6422,67.03420828284624,67.3499984741211,-0.004688792849731
2026-03-18T10:26:20.169942+00:00,0688.HK,Consolidation,0.6391,12.823594734333632,13.170000076293944,-0.0263026074376297
2026-03-18T10:26:20.258275+00:00,1810.HK,Consolidation,0.6329,33.228407247410416,34.720001220703125,-0.0429606544023762
2026-03-18T10:26:20.343540+00:00,1024.HK,Consolidation,0.6415,58.692022356744815,59.0,-0.0052199600551726
2026-03-18T10:26:20.419972+00:00,2018.HK,Consolidation,1.0,31.786368436949328,33.220001220703125,-0.0431557113507972
2026-03-18T10:26:20.501974+00:00,2318.HK,Consolidation,0.6402,61.4143555981118,63.0,-0.0251689587601302
2026-03-18T10:26:20.588353+00:00,1109.HK,Consolidation,1.0,29.9574382583031,30.559999465942383,-0.0197173173484773
2026-03-18T10:26:20.677743+00:00,1211.HK,Consolidation,0.6454,96.54398892819881,102.5999984741211,-0.05902543504861545
